date,stock,current_price,change_pct,rsi,ema20,ema50,ema200,vwap,macd,volume,avg_volume,confidence,entry,target_1,target_2,stop_loss,trend,intraday_signal,long_term_signal,timeframe,timeframe_t2,risk_reward,rank
2026-08-08T07:09:09.643Z,BAJAJFINSV,2008.9,-3.7,59.54,1962.13,1885.49,1882.64,1918.82,11.331,2416624,1582012,100,2008.9,2106.66,2155.55,1935.58,Bullish,BUY,BUY,4 days,1 week,1.33,1
2026-08-08T07:09:09.680Z,GRASIM,3323,3.2,63.99,3169.68,3116.92,2939.86,2858.1,15.949,1071215,537125,100,3323,3469.7,3543.04,3212.98,Bullish,BUY,BUY,3 days,1 week,1.33,1
2026-08-08T07:09:09.710Z,CHOLAFIN,1866.2,-0.73,68.06,1813.63,1744.68,1647.94,1635.42,11.873,2644332,1580687,100,1866.2,1979.98,2036.87,1780.86,Bullish,BUY,BUY,4 days,1 week,1.33,1
2026-08-08T07:09:09.716Z,TATACAP,370.3,-3.24,58.77,360.29,349.82,336.55,336.97,1.777,3710557,2170668,100,370.3,392.86,404.14,353.38,Bullish,BUY,BUY,4 days,1 week,1.33,1
2026-08-08T07:09:09.727Z,TECHM,1635,0.17,65.31,1590.81,1529.33,1493.25,1496.73,0.944,6089110,3174552,100,1635,1720.1,1762.65,1571.17,Bullish,BUY,BUY,4 days,1 week,1.33,1
2026-08-08T07:09:09.863Z,AUROPHARMA,1658,4.35,65.23,1572.34,1530.84,1360.96,1273.18,6.324,2001257,1038070,100,1658,1746.25,1790.38,1591.81,Bullish,BUY,BUY,4 days,1 week,1.33,1
2026-08-08T07:09:09.963Z,BERGEPAINT,530.55,-2.69,62.67,515.68,508.72,504.34,512.95,5.231,1078895,363865,100,530.55,563.26,579.61,506.02,Bullish,BUY,BUY,4 days,1 week,1.33,1
2026-08-08T07:09:10.005Z,AIIL,596.6,4.57,68.1,547.79,528.07,525.5,548.04,3.636,3428888,627039,100,596.6,642.8,665.9,561.95,Bullish,BUY,BUY,4 days,1 week,1.33,1
2026-08-08T07:09:10.038Z,NAVINFLUOR,8271,-4.38,61.36,7750.04,7506.98,6614.84,6425.03,61.478,590351,331221,100,8271,8847.84,9136.26,7838.37,Bullish,BUY,BUY,3 days,1 week,1.33,1
2026-08-08T07:09:10.084Z,MEDANTA,1455.6,3.21,66.37,1383.47,1321.3,1240.93,1256.95,3.756,362251,223841,100,1455.6,1533.34,1572.21,1397.3,Bullish,BUY,BUY,4 days,1 week,1.33,1
2026-08-08T07:09:10.098Z,EMCURE,1978.4,0.99,59.73,1892.2,1824.09,1634.25,1555.35,5.678,270432,148476,100,1978.4,2088.91,2144.17,1895.52,Bullish,BUY,BUY,4 days,1 week,1.33,1
2026-08-08T07:09:10.192Z,SAILIFE,1365.2,-3.42,63.03,1310.35,1245.69,1066.32,955.11,9.084,931312,471432,100,1365.2,1449.84,1492.16,1301.72,Bullish,BUY,BUY,4 days,1 week,1.33,1
2026-08-08T07:09:10.245Z,PTCIL,19076,5.44,59.61,17869.55,17647.88,17074.52,16997.87,35.979,25380,12481,100,19076,19937.67,20368.5,18429.75,Bullish,BUY,BUY,4 days,1 week,1.33,1
2026-08-08T07:09:10.307Z,DEEPAKNTR,1796.5,2.63,66.05,1694.6,1671.72,1664.44,1681.68,11.296,1628102,440845,100,1796.5,1911.33,1968.75,1710.38,Bullish,BUY,BUY,4 days,1 week,1.33,1
2026-08-08T07:09:10.451Z,TRAVELFOOD,1428.6,5.98,56.67,1312.66,1292.4,1240.14,1230.07,5.129,80581,22867,100,1428.6,1514.09,1556.84,1364.48,Bullish,BUY,BUY,4 days,1 week,1.33,1
2026-08-08T07:09:10.526Z,AEQUS,248.31,3.87,61.77,234.48,222.88,182.97,184.73,0.283,5616343,3700926,100,248.31,270.67,281.85,231.54,Bullish,BUY,BUY,4 days,1 week,1.33,1
2026-08-08T07:09:10.562Z,ORBTEXP,252.72,1.12,64.35,236.69,220.37,195.81,216.31,0.674,94041,19325,100,252.72,274.92,286.02,236.07,Bullish,BUY,BUY,4 days,1 week,1.33,1
2026-08-08T07:09:09.620Z,TITAN,4941,-1.14,68.29,4785.47,4584.95,4209.57,4052.55,7.857,1166858,784218,93,4941,5115.14,5202.21,4810.39,Bullish,BUY,BUY,4 days,1 week,1.33,1
2026-08-08T07:09:09.626Z,M&M,3502,2.82,68.84,3299.54,3213.45,3266.23,3333.68,24.681,3299237,2549908,93,3502,3665.32,3746.98,3379.51,Bullish,BUY,HOLD,3 days,1 week,1.33,4
2026-08-08T07:09:09.647Z,JSWSTEEL,1299.5,-2.29,62.07,1271.22,1260.91,1214.41,1191.97,8.138,2307926,1819282,93,1299.5,1353.7,1380.8,1258.85,Bullish,BUY,BUY,4 days,1 week,1.33,1
2026-08-08T07:09:09.740Z,UNIONBANK,183.6,0.6,66.94,173.22,171.32,165.65,166.31,1.392,22186841,18725193,93,183.6,193.49,198.43,176.18,Bullish,BUY,BUY,4 days,1 week,1.33,1
2026-08-08T07:09:09.776Z,CIPLA,1463.8,0.34,60.86,1447.42,1423.09,1409.17,1416.65,3.048,1462279,1393196,93,1463.8,1523.71,1553.66,1418.87,Bullish,BUY,BUY,4 days,1 week,1.33,1
2026-08-08T07:09:09.778Z,INDIANB,889.5,1.32,66.27,843.78,841.43,830.94,836.45,6.097,4024185,2813207,93,889.5,933.3,955.19,856.65,Bullish,BUY,BUY,3 days,5 days,1.33,1
2026-08-08T07:09:09.831Z,BHARATFORG,2265.2,2.5,68.38,2178.68,2104.02,1793.01,1651.91,1.97,1152060,797667,93,2265.2,2366.08,2416.52,2189.54,Bullish,BUY,BUY,4 days,1 week,1.33,1
2026-08-08T07:09:09.870Z,MEESHO,191.35,2.78,55.81,187.19,184.49,175.64,186.6,0.174,11848696,11195284,93,191.35,205.57,212.68,180.68,Bullish,BUY,BUY,4 days,1 week,1.33,1
2026-08-08T07:09:10.026Z,PREMIERENE,1047.2,0.53,50.67,1042.42,1038.52,977.85,922.94,0.021,2579738,1197815,93,1047.2,1113.57,1146.75,997.42,Neutral,BUY,BUY,4 days,1 week,1.33,19
2026-08-08T07:09:10.052Z,GLAND,2601,2.2,64.21,2488.4,2367.87,2063.74,2128.55,7.182,503618,445909,93,2601,2760.94,2840.91,2481.05,Bullish,BUY,BUY,4 days,1 week,1.33,1
2026-08-08T07:09:10.149Z,CRISIL,4607,1.24,68.05,4365.07,4234.5,4360.19,4386.77,14.867,87549,85795,93,4607,4857.17,4982.25,4419.38,Bullish,BUY,HOLD,4 days,1 week,1.33,4
2026-08-08T07:09:10.195Z,PNBHOUSING,1143,-0.61,63.15,1089.69,1060.38,957.96,911.29,5.33,1476731,1067783,93,1143,1216.73,1253.6,1087.7,Bullish,BUY,BUY,4 days,1 week,1.33,1
2026-08-08T07:09:10.240Z,NETWEB,4939.2,2.56,65.17,4537.18,4420.9,3800.94,3698.95,78.128,1296942,1205711,93,4939.2,5330.74,5526.51,4645.55,Bullish,BUY,BUY,4 days,1 week,1.33,1
2026-08-08T07:09:10.312Z,BELRISE,248.21,1.47,64.43,236.72,231.07,201.04,177.37,1.567,6171893,4322610,93,248.21,261.93,268.79,237.92,Bullish,BUY,BUY,4 days,1 week,1.33,1
2026-08-08T07:09:10.386Z,ATUL,6774,-0.29,62.36,6578.16,6544.26,6469.15,6354.46,57.926,85917,82488,93,6774,7144.41,7329.61,6496.19,Bullish,BUY,BUY,4 days,1 week,1.33,1
2026-08-08T07:09:10.441Z,LMW,16629,1.57,60.34,16143.93,15857.84,15262.01,14877.83,33.45,6652,4595,93,16629,17559.44,18024.66,15931.17,Bullish,BUY,BUY,4 days,1 week,1.33,1
2026-08-08T07:09:10.514Z,RAINBOW,1556.7,-2.62,68.15,1506.38,1447.02,1362.83,1316.7,8.214,100916,94263,93,1556.7,1638.32,1679.13,1495.49,Bullish,BUY,BUY,4 days,1 week,1.33,1
2026-08-08T07:09:10.519Z,AZAD,2489,1.35,62.08,2363.14,2248.92,1928.7,1950.24,0.826,534729,533504,93,2489,2679.25,2774.38,2346.31,Bullish,BUY,BUY,4 days,1 week,1.33,1
2026-08-08T07:09:10.540Z,SHAILY,3162.3,-6.06,61.52,3013.07,2881.09,2481.97,2371.54,33.712,268206,211205,93,3162.3,3407.05,3529.42,2978.74,Bullish,BUY,BUY,4 days,1 week,1.33,1
2026-08-08T07:09:10.546Z,FINEORG,5162.1,4.49,53.37,4934.4,4908.52,4719.42,4619.05,6.231,15029,9865,93,5162.1,5441.83,5581.7,4952.3,Neutral,BUY,BUY,4 days,1 week,1.33,19
2026-08-08T07:09:09.606Z,SBIN,1097.2,1.12,70.69,1042.51,1032.89,1005.91,1012.37,6.868,29410622,11044499,90,1097.2,1139.49,1160.64,1065.48,Bullish,BUY,BUY,4 days,1 week,1.33,1
2026-08-08T07:09:09.673Z,HINDALCO,1059.6,3.17,69.65,988.7,992.73,939.5,908.17,14.045,9284747,5008352,90,1059.6,1105.84,1128.96,1024.92,Bullish,BUY,BUY,4 days,1 week,1.33,1
2026-08-08T07:09:09.714Z,MOTHERSON,168.5,8.71,76.44,150.39,145.13,128.25,122.86,1.756,115582755,22141504,90,168.5,178.99,184.23,160.63,Bullish,BUY,BUY,4 days,1 week,1.33,1
2026-08-08T07:09:09.794Z,ENRIN,3648.8,12.19,62.72,3353.95,3387.36,3199.04,3157.09,29.594,7973925,763510,90,3648.8,3935.03,4078.14,3434.13,Neutral,BUY,BUY,4 days,1 week,1.33,19
2026-08-08T07:09:09.811Z,HEROMOTOCO,5725,3.14,73.15,5281.43,5130.38,5195.91,5355.39,62.195,1914675,778407,90,5725,5995.31,6130.46,5522.27,Bullish,BUY,HOLD,3 days,5 days,1.33,4
2026-08-08T07:09:09.909Z,ASTERDM,869.7,2.99,71.75,819.76,793.47,711.22,681.16,4.405,1037107,657798,90,869.7,923.68,950.67,829.21,Bullish,BUY,BUY,4 days,1 week,1.33,1
2026-08-08T07:09:09.995Z,HINDCOPPER,536.1,-1.8,65.38,502.57,506.41,476.39,492.02,7.584,9431736,5175801,90,536.1,568.38,584.52,511.89,Bullish,BUY,BUY,4 days,1 week,1.33,1
2026-08-08T07:09:10.159Z,TATATECH,872.8,8.89,75.81,758.07,730.43,675.66,673.96,11.234,16058460,2124530,90,872.8,933.36,963.64,827.38,Bullish,BUY,BUY,4 days,1 week,1.33,1
2026-08-08T07:09:10.231Z,NEULANDLAB,22855,6.09,78.22,19598.47,18489.03,16115.47,16333.76,301.359,313887,89059,90,22855,24564.2,25418.8,21573.1,Bullish,BUY,BUY,4 days,1 week,1.33,1
2026-08-08T07:09:10.326Z,SUNDRMFAST,1090.55,5.83,84.3,973.93,931.5,906.35,917.68,8.446,699524,171326,90,1090.55,1144.4,1171.33,1050.16,Bullish,BUY,BUY,4 days,1 week,1.33,1
2026-08-08T07:09:10.367Z,TRITURBINE,636.45,2.09,56.61,625.16,628.58,575.9,589.43,3.916,1270213,792213,90,636.45,677.99,698.76,605.3,Neutral,BUY,BUY,4 days,1 week,1.33,19
2026-08-08T07:09:10.447Z,HAPPYFORGE,1906.2,4.91,82.13,1654.54,1553.26,1316.47,1300.83,19.117,154871,93779,90,1906.2,2033.54,2097.21,1810.7,Bullish,BUY,BUY,4 days,1 week,1.33,1
2026-08-08T07:09:10.547Z,DEVYANI,134.73,8.78,74.94,118.07,115.59,124.77,132.49,1.955,26617033,5841293,90,134.73,144.72,149.72,127.24,Bullish,BUY,HOLD,4 days,1 week,1.33,4
2026-08-08T07:09:09.660Z,ASIANPAINT,2735,-0.73,53.34,2724.27,2682.05,2588.11,2582.73,4.173,1067986,1035654,86,2735,2852.81,2911.72,2646.64,Bullish,BUY,BUY,4 days,1 week,1.33,1
2026-08-08T07:09:09.796Z,ABCAPITAL,408.05,-3.19,53.45,404.96,389.97,352.55,339.77,0.671,4840967,3624111,86,408.05,431.15,442.7,390.72,Bullish,BUY,BUY,3 days,5 days,1.33,1
2026-08-08T07:09:09.599Z,BHARTIARTL,1959.9,0.61,57.4,1939.11,1909.11,1915.27,1930.85,0.514,3019876,5995608,85,1959.9,2031.37,2067.11,1906.3,Bullish,BUY,HOLD,4 days,1 week,1.33,4
2026-08-08T07:09:09.639Z,ULTRACEMCO,12105,0.25,59.72,11900.27,11718.94,11806.19,11845.95,10.224,171352,293739,85,12105,12527.66,12738.99,11788.01,Bullish,BUY,HOLD,4 days,1 week,1.33,4
2026-08-08T07:09:09.649Z,BAJAJ-AUTO,11662,-1.17,66.68,11062.01,10587.05,9798.41,9548.86,77.062,250127,516558,85,11662,12167.95,12420.93,11282.54,Bullish,BUY,BUY,3 days,4 days,1.33,1
2026-08-08T07:09:09.653Z,NESTLEIND,1540,0.33,67.06,1489.23,1451.07,1344.9,1331.87,5.596,1520661,2566027,85,1540,1610.57,1645.85,1487.08,Bullish,BUY,BUY,4 days,1 week,1.33,1
2026-08-08T07:09:09.657Z,ETERNAL,315,-0.4,67.04,299.62,282.88,275.7,280.93,0.84,12763812,34712229,85,315,332.92,341.88,301.56,Bullish,BUY,BUY,4 days,1 week,1.33,1
2026-08-08T07:09:09.658Z,SHRIRAMFIN,1115,-2.28,62.77,1064.82,1031.35,940.55,894.61,8.098,3239689,6045621,85,1115,1176.16,1206.74,1069.13,Bullish,BUY,BUY,3 days,1 week,1.33,1
2026-08-08T07:09:09.678Z,EICHERMOT,8020,0.66,64.29,7770.25,7563.41,7178.33,7116.73,23.021,339416,569453,85,8020,8338.36,8497.54,7781.23,Bullish,BUY,BUY,4 days,1 week,1.33,1
2026-08-08T07:09:09.684Z,INDIGO,5333,0.27,55.62,5254.37,5088.58,5014.35,5007.03,2.885,432283,990446,85,5333,5599.41,5732.61,5133.19,Bullish,BUY,BUY,3 days,5 days,1.33,1
2026-08-08T07:09:09.702Z,PIDILITIND,1660,-1.54,61.35,1617.03,1571.99,1501.42,1487.56,6.112,917427,1290582,85,1660,1729.66,1764.48,1607.76,Bullish,BUY,BUY,4 days,1 week,1.33,1
2026-08-08T07:09:09.704Z,TMCV,453.1,-1.42,65.2,430.23,419.31,403.21,406.48,4.237,6870933,7752521,85,453.1,478.92,491.82,433.74,Bullish,BUY,BUY,4 days,1 week,1.33,1
2026-08-08T07:09:09.712Z,ABB,7600,-1.75,59.63,7416.72,7192.54,6402.21,6179.41,22.187,179322,485457,85,7600,8031.79,8247.68,7276.16,Bullish,BUY,BUY,4 days,1 week,1.33,1
2026-08-08T07:09:09.733Z,SIEMENS,3940.1,-0.3,67.77,3761.54,3677.51,3447.85,3361.83,35.413,221514,372765,85,3940.1,4148.4,4252.55,3783.87,Bullish,BUY,BUY,4 days,1 week,1.33,1
2026-08-08T07:09:09.753Z,PNB,114.81,0.45,68.31,111.18,109.37,111.34,114.43,0.389,11202537,18099426,85,114.81,118.69,120.63,111.9,Bullish,BUY,HOLD,4 days,1 week,1.33,4
2026-08-08T07:09:09.792Z,LLOYDSME,2101.2,0.68,65.78,1963.99,1855.59,1587.74,1471.03,9.13,345815,605820,85,2101.2,2221.94,2282.31,2010.65,Bullish,BUY,BUY,3 days,1 week,1.33,1
2026-08-08T07:09:09.822Z,UNITDSPR,1512.4,-0.83,68.27,1465.08,1403.78,1353.83,1352.7,4.136,324797,934918,85,1512.4,1572,1601.81,1467.7,Bullish,BUY,BUY,4 days,1 week,1.33,1
2026-08-08T07:09:09.841Z,OFSS,11805,0.6,63.43,11346.41,10765.86,9230.71,9143.68,12.913,186998,461017,85,11805,12594.54,12989.31,11212.84,Bullish,BUY,BUY,4 days,1 week,1.33,1
2026-08-08T07:09:09.850Z,LENSKART,569.7,-0.52,60.36,554.81,537.33,491.85,477.87,0.114,1594454,4068033,85,569.7,598.43,612.8,548.15,Bullish,BUY,BUY,4 days,1 week,1.33,1
2026-08-08T07:09:09.872Z,PERSISTENT,5475,0.28,62.23,5288.01,5127.24,5248.49,5290.3,18.717,507690,648094,85,5475,5805.1,5970.15,5227.42,Bullish,BUY,HOLD,4 days,1 week,1.33,4
2026-08-08T07:09:09.877Z,AUBANK,1067,-1.89,56.78,1044.03,1029,962.96,921.99,4.918,752130,1691882,85,1067,1123.67,1152,1024.5,Bullish,BUY,BUY,4 days,1 week,1.33,1
2026-08-08T07:09:09.953Z,GLENMARK,2279.1,0.4,56.92,2236.66,2231.78,2155.97,2077.52,5.104,437610,571393,85,2279.1,2390.31,2445.91,2195.7,Bullish,BUY,BUY,4 days,1 week,1.33,1
2026-08-08T07:09:09.970Z,RBLBANK,389.8,0,66.49,372.76,363.2,329.65,309.1,2.646,2903774,6637162,85,389.8,408.9,418.45,375.48,Bullish,BUY,BUY,4 days,1 week,1.33,1
2026-08-08T07:09:09.990Z,APLAPOLLO,1970,1.29,66.08,1876.51,1860.7,1865.29,1896.49,14.558,404634,611770,85,1970,2064.99,2112.48,1898.76,Bullish,BUY,HOLD,4 days,1 week,1.33,4
2026-08-08T07:09:10.017Z,360ONE,1168.1,-2.01,63.18,1134.69,1114.39,1095.99,1098.06,7.685,959901,1388466,85,1168.1,1232.21,1264.27,1120.01,Bullish,BUY,BUY,4 days,1 week,1.33,1
2026-08-08T07:09:10.022Z,BALKRISIND,2466.3,-1.41,69.99,2262.42,2214.09,2268.97,2325.53,51.081,126576,556346,85,2466.3,2651.23,2743.7,2327.6,Bullish,BUY,HOLD,4 days,1 week,1.33,4
2026-08-08T07:09:10.028Z,ANTHEM,841,1.86,69.08,796.55,778.17,739.57,751.77,6.194,472590,867352,85,841,888.41,912.12,805.44,Bullish,BUY,BUY,4 days,1 week,1.33,1
2026-08-08T07:09:10.034Z,AIAENG,4776,-0.4,56.91,4680.58,4582.5,4073.11,3866.47,7.419,46225,58827,85,4776,5060.72,5203.08,4562.46,Bullish,BUY,BUY,4 days,1 week,1.33,1
2026-08-08T07:09:10.074Z,ENDURANCE,2904.5,0.93,66.03,2777.34,2698.57,2602.26,2675.02,14.498,80764,146886,85,2904.5,3071.61,3155.17,2779.17,Bullish,BUY,BUY,4 days,1 week,1.33,1
2026-08-08T07:09:10.082Z,CONCOR,505.2,-2.16,58.77,501.11,489.81,498.5,503.27,1.78,788586,2951309,85,505.2,531.47,544.6,485.5,Bullish,BUY,HOLD,4 days,1 week,1.33,4
2026-08-08T07:09:10.127Z,MANAPPURAM,366.75,0.76,65.18,352.51,335.53,304.26,295.61,0.429,2588647,5357842,85,366.75,388.91,399.99,350.13,Bullish,BUY,BUY,4 days,1 week,1.33,1
2026-08-08T07:09:10.157Z,STLTECH,638.9,0.8,65.93,576.12,541.8,350.54,237.59,12.082,1674019,2451593,85,638.9,706.75,740.67,588.01,Bullish,BUY,BUY,4 days,1 week,1.33,1
2026-08-08T07:09:10.169Z,WOCKPHARMA,2021,2.33,62.69,1939.56,1874.01,1629.97,1629.93,13.254,547985,633995,85,2021,2151.57,2216.86,1923.07,Bullish,BUY,BUY,4 days,1 week,1.33,1
2026-08-08T07:09:10.182Z,JUBLFOOD,486.5,2.85,68.2,447.81,441.1,490.29,500.07,6.507,4147385,2648182,85,486.5,514.53,528.54,465.48,Bullish,BUY,SELL,3 days,5 days,1.33,7
2026-08-08T07:09:10.189Z,TVSHLTD,14848,0.53,65,14522.39,14192.52,13856.29,13961.54,15.69,4451,12190,85,14848,15580.97,15947.45,14298.27,Bullish,BUY,BUY,4 days,1 week,1.33,1
2026-08-08T07:09:10.209Z,ZFCVINDIA,2637.2,2.21,68.18,2458.65,2443.86,2398.95,2414.96,34.923,103315,192532,85,2637.2,2808.15,2893.63,2508.98,Bullish,BUY,BUY,4 days,1 week,1.33,1
2026-08-08T07:09:10.216Z,APOLLOTYRE,445,-1.05,61.4,433.48,427.32,440.83,457.17,1.775,1967067,741449,85,445,466.79,477.68,428.66,Bullish,BUY,HOLD,4 days,1 week,1.33,4
2026-08-08T07:09:10.247Z,SYRMA,1424.7,0.47,58.39,1380.06,1313.43,1042.02,937.35,4.19,509551,1378124,85,1424.7,1532.56,1586.49,1343.8,Bullish,BUY,BUY,4 days,1 week,1.33,1
2026-08-08T07:09:10.251Z,GABRIEL,1499.8,-2.09,60.91,1420.31,1297.54,1124.68,1136.01,6.29,371373,937735,85,1499.8,1640.75,1711.23,1394.08,Bullish,BUY,BUY,3 days,5 days,1.33,1
2026-08-08T07:09:10.274Z,IIFL,611.75,0.25,67.55,580.26,546.27,511.75,511.69,2.133,1097633,2366860,85,611.75,649.23,667.97,583.64,Bullish,BUY,BUY,4 days,1 week,1.33,1
2026-08-08T07:09:10.310Z,AFFLE,1645.6,-1.02,65.54,1578.67,1524.78,1581.08,1634.87,15.165,221349,568710,85,1645.6,1753.47,1807.41,1564.69,Bullish,BUY,HOLD,3 days,5 days,1.33,4
2026-08-08T07:09:10.317Z,GRINDWELL,2133.8,1.24,55.54,2085.63,2024.9,1781.49,1762.63,2.741,44725,97822,85,2133.8,2306.07,2392.21,2004.6,Bullish,BUY,BUY,3 days,5 days,1.33,1
2026-08-08T07:09:10.319Z,ASAHIINDIA,898.7,-3.02,57.25,891.96,883.54,886.82,912.47,2.723,588303,180059,85,898.7,950.37,976.2,859.95,Bullish,BUY,HOLD,4 days,1 week,1.33,4
2026-08-08T07:09:10.399Z,CHENNPETRO,1275.4,-1.31,56.96,1240.22,1180.96,1014.22,967.21,3.979,1468654,2307911,85,1275.4,1398.26,1459.69,1183.25,Bullish,BUY,BUY,4 days,1 week,1.33,1
2026-08-08T07:09:10.431Z,AARTIIND,502.1,0.18,59.14,487.37,479.8,442.35,435.33,0.863,1422279,1431227,85,502.1,532.79,548.14,479.08,Bullish,BUY,BUY,4 days,1 week,1.33,1
2026-08-08T07:09:10.438Z,BASF,4091,-0.82,68.28,3803.43,3689.16,3796.66,3869.54,39.757,66610,78323,85,4091,4363.57,4499.85,3886.57,Bullish,BUY,HOLD,4 days,1 week,1.33,4
2026-08-08T07:09:10.462Z,TBOTEK,1610.9,-3.39,64.86,1523.64,1445.49,1392.57,1504.9,14.044,110389,340846,85,1610.9,1736.78,1799.71,1516.49,Bullish,BUY,BUY,4 days,1 week,1.33,1
2026-08-08T07:09:10.470Z,THELEELA,518,1.37,68.54,491.12,474.24,444.06,440.43,2.485,495564,519653,85,518,553.08,570.63,491.69,Bullish,BUY,BUY,4 days,1 week,1.33,1
2026-08-08T07:09:10.475Z,ARE&M,931.7,0.46,62.06,900.07,876.83,874.98,891.84,3.399,498855,892570,85,931.7,982.89,1008.48,893.31,Bullish,BUY,BUY,4 days,1 week,1.33,1
2026-08-08T07:09:10.481Z,JINDALSAW,271.4,2.32,60.13,261.8,254.45,222.85,198.57,0.473,1613077,1799640,85,271.4,289.26,298.2,258,Bullish,BUY,BUY,4 days,1 week,1.33,1
2026-08-08T07:09:10.488Z,MINDACORP,721.65,-0.19,61.54,695.39,664.83,590.77,581.4,2.589,155958,250757,85,721.65,762.46,782.86,691.05,Bullish,BUY,BUY,4 days,1 week,1.33,1
2026-08-08T07:09:10.524Z,USHAMART,515.05,-1,58.27,504.28,493.86,453.51,449.24,0.917,444244,564888,85,515.05,542.88,556.79,494.18,Bullish,BUY,BUY,4 days,1 week,1.33,1
2026-08-08T07:09:10.536Z,KIRLOSBROS,1901.7,-4.19,59.64,1893.23,1848.37,1766.39,1798.29,6.444,72989,95948,85,1901.7,2039.19,2107.93,1798.58,Bullish,BUY,BUY,4 days,1 week,1.33,1
2026-08-08T07:09:10.549Z,CEATLTD,3723.1,-0.86,60.24,3576.05,3533.03,3524.95,3710.79,26.173,54517,195703,85,3723.1,3943.05,4053.03,3558.14,Bullish,BUY,BUY,3 days,1 week,1.33,1
2026-08-08T07:09:10.569Z,HDFCSML250,184.89,-0.31,62.06,181.7,178.19,170.34,165.56,0.33,957074,1507132,85,184.89,190.26,192.94,180.86,Bullish,BUY,BUY,4 days,1 week,1.33,1
2026-08-08T07:09:09.645Z,HAL,4910,-0.2,75.19,4626.17,4502.83,4401.09,4373.27,28.445,1083102,848256,83,4910,5110.35,5210.52,4759.74,Bullish,BUY,BUY,4 days,1 week,1.33,1
2026-08-08T07:09:09.950Z,APARINDS,16631,3.13,71.14,14738.41,14246.22,11820.26,11286.57,321.422,177454,155233,83,16631,17955.08,18617.12,15637.94,Bullish,BUY,BUY,4 days,1 week,1.33,1
2026-08-08T07:09:10.010Z,SONACOMS,818.05,3.29,78.01,742.54,684.51,576.93,528.83,6.245,3753214,3283563,83,818.05,865.21,888.79,782.68,Bullish,BUY,BUY,4 days,1 week,1.33,1
2026-08-08T07:09:10.019Z,WELCORP,1839.8,2.89,73.51,1658.89,1533.33,1185.26,1120.87,10.694,1493012,1041690,83,1839.8,1951.17,2006.85,1756.28,Bullish,BUY,BUY,4 days,1 week,1.33,1
2026-08-08T07:09:10.078Z,EXIDEIND,490,3.32,75.35,443.92,416.85,378.51,385.74,3.601,7853639,6745672,83,490,522.39,538.58,465.71,Bullish,BUY,BUY,4 days,1 week,1.33,1
2026-08-08T07:09:10.107Z,CUPID,262.13,-0.18,78.05,227.1,196.63,126.61,106.29,2.764,46030388,40195127,83,262.13,284.91,296.3,245.05,Bullish,BUY,BUY,4 days,1 week,1.33,1
2026-08-08T07:09:10.350Z,MTARTECH,7085.5,1.82,59.78,6357.84,6534.26,4951.53,5104.09,191.239,321936,229791,83,7085.5,7817.49,8183.48,6536.51,Bullish,BUY,BUY,3 days,4 days,1.33,1
2026-08-08T07:09:10.403Z,CASTROLIND,192.08,-1.08,70.94,186.9,185.37,188.48,189.77,0.934,3122432,2479343,83,192.08,196.99,199.44,188.4,Bullish,BUY,HOLD,4 days,1 week,1.33,4
2026-08-08T07:09:10.405Z,TDPOWERSYS,1260.9,2.7,61.2,1155.93,1159.06,974.05,898.16,18.5,1236722,1030248,83,1260.9,1385.81,1448.27,1167.22,Bullish,BUY,BUY,4 days,1 week,1.33,1
2026-08-08T07:09:10.487Z,AGARWALEYE,546.25,2.62,76.27,496.28,481.86,467.03,480.22,5.636,158709,126469,83,546.25,586.7,606.93,515.91,Bullish,BUY,BUY,4 days,1 week,1.33,1
2026-08-08T07:09:10.521Z,FINCABLES,1024.65,2.12,51.83,1017.89,1032.54,944.34,931.19,3.66,507703,215907,83,1024.65,1089.58,1122.05,975.95,Neutral,BUY,BUY,4 days,1 week,1.33,19
2026-08-08T07:09:10.533Z,IGIL,355.8,-2.21,56.46,350.93,351.07,345.33,341.36,2.911,713810,701906,83,355.8,382.07,395.2,336.1,Bullish,BUY,BUY,4 days,1 week,1.33,1
2026-08-08T07:09:09.668Z,HINDZINC,603,2.2,73.64,553.45,556.05,552.93,582.59,9.504,6362181,3965972,80,603,631.99,646.48,581.26,Bullish,BUY,BUY,4 days,1 week,1.33,1
2026-08-08T07:09:10.453Z,PGEL,630.65,3.43,65.88,599.06,571.7,567.26,546.41,-0.176,11060038,2605899,80,630.65,675.48,697.89,597.03,Bullish,BUY,BUY,4 days,1 week,1.33,1
2026-08-08T07:09:10.472Z,GRWRHITECH,6973,-5.89,64.05,7033.73,6568.41,4984.35,4386.13,14.817,566953,70754,80,6973,7533.83,7814.24,6552.38,Neutral,BUY,BUY,4 days,1 week,1.33,19
2026-08-08T07:09:09.839Z,JSWENERGY,564.4,0.52,53.93,558.06,556.62,534.62,519.2,1.923,1552610,2113723,78,564.4,589.78,602.47,545.37,Bullish,BUY,BUY,4 days,1 week,1.33,1
2026-08-08T07:09:09.879Z,HAVELLS,1288,0.19,69.07,1241.36,1220.79,1299.39,1338.87,7.377,1506943,1443508,78,1288,1338.62,1363.93,1250.04,Bullish,BUY,SELL,4 days,1 week,1.33,7
2026-08-08T07:09:09.894Z,NAM-INDIA,1176,-2,51.44,1172.61,1145.42,1010.71,959.68,2.366,688856,990303,78,1176,1245.74,1280.61,1123.69,Bullish,BUY,BUY,4 days,1 week,1.33,1
2026-08-08T07:09:10.069Z,PETRONET,280.6,1.32,52.73,278.74,277.87,278.29,278.4,0.446,833605,1683583,78,280.6,292.39,298.29,271.75,Bullish,BUY,HOLD,4 days,1 week,1.33,4
2026-08-08T07:09:10.161Z,KIMS,811.1,1.12,53.78,801.89,787.6,733.73,719.22,0.055,504230,574539,78,811.1,854.94,876.86,778.22,Bullish,BUY,BUY,4 days,1 week,1.33,1
2026-08-08T07:09:10.282Z,AWL,197.5,0.06,63.99,190.72,190.2,206.42,217.87,0.991,3167471,2934226,78,197.5,208.09,213.39,189.56,Bullish,BUY,SELL,4 days,1 week,1.33,7
2026-08-08T07:09:10.376Z,CARBORUNIV,1097,1.41,46.83,1078.65,1071.15,968.73,953.11,1.336,79070,135252,78,1097,1168.7,1204.55,1043.23,Neutral,BUY,BUY,4 days,1 week,1.33,19
2026-08-08T07:09:10.418Z,ELGIEQUIP,588.45,0.74,52.45,583.68,580.4,541.37,517.06,1.095,140041,252297,78,588.45,621.77,638.43,563.46,Neutral,BUY,BUY,4 days,1 week,1.33,19
2026-08-08T07:09:10.556Z,APOLLO,403.85,-0.02,53.65,397.45,388.83,315.96,324.88,1.443,3212891,5741151,78,403.85,431.36,445.12,383.21,Neutral,BUY,BUY,4 days,1 week,1.33,19
2026-08-08T07:09:09.612Z,LT,4056,-0.14,61.66,3954.31,3963.66,3927.7,3889.41,32.132,901290,1900410,75,4056,4184.42,4248.63,3959.68,Bullish,BUY,BUY,4 days,1 week,1.33,1
2026-08-08T07:09:09.677Z,DIVISLAB,8275,-1.35,76.31,7691.15,7217.31,6634.42,6524.56,93.005,327434,598623,75,8275,8674.05,8873.57,7975.71,Bullish,BUY,BUY,3 days,5 days,1.33,1
2026-08-08T07:09:09.682Z,TVSMOTOR,4440.9,1.51,76.8,4038.67,3789.06,3581.09,3570.44,52.455,840158,1355291,75,4440.9,4643.33,4744.55,4289.07,Bullish,BUY,BUY,3 days,4 days,1.33,1
2026-08-08T07:09:09.692Z,VAML,470.05,-2.21,55.1,455.99,461.81,481.9,459.17,5.039,7677653,9350840,75,470.05,504.14,521.18,444.49,Bullish,BUY,SELL,4 days,1 week,1.33,7
2026-08-08T07:09:09.698Z,HYUNDAI,2200.5,-0.52,71.74,2080.11,2007.78,2054.64,2138.4,22.338,279115,956667,75,2200.5,2307.76,2361.39,2120.05,Bullish,BUY,HOLD,4 days,1 week,1.33,4
2026-08-08T07:09:09.800Z,JINDALSTEL,1103,0.18,57.26,1079.18,1097.14,1112.02,1095.34,10.035,392474,1197888,75,1103,1153.01,1178.01,1065.49,Bullish,BUY,SELL,4 days,1 week,1.33,7
2026-08-08T07:09:09.837Z,ASHOKLEY,177.5,0,72,164.46,161.11,160.38,161.5,2.52,11282040,17476198,75,177.5,186.31,190.71,170.89,Bullish,BUY,BUY,4 days,1 week,1.33,1
2026-08-08T07:09:09.848Z,LAURUSLABS,1844.3,0.78,79.05,1709.84,1562.91,1247.82,1143.49,11.505,1553067,2200813,75,1844.3,1926.3,1967.3,1782.8,Bullish,BUY,BUY,3 days,1 week,1.33,1
2026-08-08T07:09:09.861Z,PAYTM,1441.6,-0.03,73.7,1343.89,1261.54,1185.95,1212.1,7.303,3055929,3878960,75,1441.6,1531.25,1576.08,1374.36,Bullish,BUY,BUY,4 days,1 week,1.33,1
2026-08-08T07:09:09.886Z,COFORGE,1776,0.18,71.55,1644.91,1538.53,1502.45,1483.88,17.814,2666057,3530477,75,1776,1888.07,1944.11,1691.94,Bullish,BUY,BUY,4 days,1 week,1.33,1
2026-08-08T07:09:09.907Z,UNOMINDA,1285,0.55,79.95,1190.09,1153.18,1150.79,1182.13,12.696,557760,869887,75,1285,1349.76,1382.14,1236.43,Bullish,BUY,BUY,4 days,1 week,1.33,1
2026-08-08T07:09:09.916Z,SAIL,176.58,-0.09,60.86,169.8,172.16,162.21,158.08,2.049,9569899,14933943,75,176.58,186.8,191.91,168.91,Bullish,BUY,BUY,4 days,1 week,1.33,1
2026-08-08T07:09:09.931Z,NATIONALUM,381,0,65.03,360,364.51,342.95,332.55,5.541,4423953,6914650,75,381,401.85,412.28,365.36,Bullish,BUY,BUY,4 days,1 week,1.33,1
2026-08-08T07:09:09.948Z,BANKINDIA,145,1.64,56.72,141.51,142.51,141.8,144.39,0.418,8569425,8929073,75,145,151.91,155.36,139.82,Neutral,BUY,BUY,4 days,1 week,1.33,19
2026-08-08T07:09:09.968Z,LINDEINDIA,7112.5,0.35,56.7,6966.23,7026.33,6816.29,6698.88,39.99,14507,23986,75,7112.5,7495.93,7687.65,6824.93,Bullish,BUY,BUY,4 days,1 week,1.33,1
2026-08-08T07:09:09.975Z,RADICO,4499,0.65,73.1,4259.94,3979.65,3401.72,3250.84,18.164,299219,472649,75,4499,4723.18,4835.28,4330.86,Bullish,BUY,BUY,4 days,1 week,1.33,1
2026-08-08T07:09:09.979Z,ATHERENERG,1481.5,1.95,76.88,1299.32,1174.65,889.82,833.73,18.479,4646531,5698074,75,1481.5,1609.23,1673.1,1385.7,Bullish,BUY,BUY,4 days,1 week,1.33,1
2026-08-08T07:09:09.988Z,M&MFIN,408.45,5.05,70.25,370.27,343.95,323.66,335.11,2.973,4874880,7087603,75,408.45,439,454.27,385.54,Bullish,BUY,BUY,3 days,5 days,1.33,1
2026-08-08T07:09:09.992Z,KEI,5600,0.09,70.72,5189.28,5146.02,4746.78,4631.71,95.17,273169,495119,75,5600,5911.33,6067,5366.5,Bullish,BUY,BUY,4 days,1 week,1.33,1
2026-08-08T07:09:10.080Z,COCHINSHIP,1519.7,1.99,65.67,1434.66,1450.23,1529.46,1595.88,14.523,2274374,1006416,75,1519.7,1591.89,1627.98,1465.56,Bullish,BUY,SELL,4 days,1 week,1.33,7
2026-08-08T07:09:10.144Z,TATAINVEST,693.65,3.98,61.58,669.47,669.54,681.41,868.47,3.289,3673235,387370,75,693.65,727.9,745.02,667.96,Bullish,BUY,HOLD,4 days,1 week,1.33,4
2026-08-08T07:09:10.166Z,LALPATHLAB,1931.6,2.36,74.56,1796.59,1705.9,1575.44,1567.54,14.874,427191,501950,75,1931.6,2056.24,2118.56,1838.12,Bullish,BUY,BUY,4 days,1 week,1.33,1
2026-08-08T07:09:10.177Z,RRKABEL,2759.5,-1.2,71.99,2511.75,2319.85,1821,1855.13,30.628,427544,800505,75,2759.5,2978.07,3087.36,2595.57,Bullish,BUY,BUY,4 days,1 week,1.33,1
2026-08-08T07:09:10.233Z,CRAFTSMAN,10483,0.72,75.4,9722.83,9296.08,8147.5,8174.5,119.71,40822,67268,75,10483,11104.27,11414.9,10017.05,Bullish,BUY,BUY,4 days,1 week,1.33,1
2026-08-08T07:09:10.235Z,PPLPHARMA,209.55,0.63,77.11,192.01,180.8,173.77,176.15,2.019,4611692,7705644,75,209.55,224.56,232.07,198.29,Bullish,BUY,BUY,4 days,1 week,1.33,1
2026-08-08T07:09:10.242Z,REDINGTON,354.85,1.17,82.05,308.24,281.47,257.88,273.34,7.395,3115310,10929474,75,354.85,384.82,399.81,332.37,Bullish,BUY,BUY,4 days,1 week,1.33,1
2026-08-08T07:09:10.287Z,TIMKEN,3351,0.24,60.04,3233.63,3323.07,3278.7,3248.18,43.712,30969,56469,75,3351,3535.24,3627.37,3212.82,Bullish,BUY,BUY,4 days,1 week,1.33,1
2026-08-08T07:09:10.315Z,SANSERA,3863.8,2.02,79.34,3405.07,3167.35,2455.29,2357.2,55.671,196227,243663,75,3863.8,4117.12,4243.79,3673.81,Bullish,BUY,BUY,4 days,1 week,1.33,1
2026-08-08T07:09:10.355Z,AETHER,1591.6,0.14,71.82,1477.11,1367.82,1118.63,1075.38,4.542,240048,373895,75,1591.6,1705.65,1762.68,1506.06,Bullish,BUY,BUY,4 days,1 week,1.33,1
2026-08-08T07:09:10.425Z,DIACABS,364.05,4.37,81.78,299.03,253.36,188.27,194.3,4.641,2213722,7392488,75,364.05,401.92,420.86,335.65,Bullish,BUY,BUY,4 days,1 week,1.33,1
2026-08-08T07:09:10.506Z,ALIVUS,1329.8,0.35,74.09,1199.55,1142.02,1033.34,1010.33,22.093,85268,168676,75,1329.8,1426.82,1475.34,1257.03,Bullish,BUY,BUY,4 days,1 week,1.33,1
2026-08-08T07:09:09.760Z,APOLLOHOSP,8945,0.39,57.44,8871.88,8648.69,7983.18,7725.43,-10.516,399856,274227,73,8945,9245.14,9395.21,8719.9,Bullish,BUY,BUY,4 days,1 week,1.33,1
2026-08-08T07:09:09.767Z,BOSCHLTD,42950,0.07,56.88,41423.89,40229.26,37970.93,37560.71,-28.805,30753,26440,73,42950,44940.21,45935.31,41457.35,Bullish,BUY,BUY,4 days,1 week,1.33,1
2026-08-08T07:09:09.802Z,GVT&D,4299,-2.52,46.26,4402.79,4521.2,3998.34,3729.88,25.918,2343579,991298,73,4299,4698.18,4897.77,3999.61,Bearish,BUY,BUY,4 days,1 week,1.33,10
2026-08-08T07:09:10.012Z,AEGISLOG,1371,-2.07,58.8,1315.85,1175.36,893.24,915.4,-5.287,1673750,1651103,73,1371,1532.97,1613.95,1249.53,Bullish,BUY,BUY,4 days,1 week,1.33,1
2026-08-08T07:09:10.049Z,CPPLUS,3708.7,4.33,57.25,3521.85,3346.79,2417.93,1933.68,-8.522,204110,174961,73,3708.7,4023.1,4180.29,3472.9,Neutral,BUY,BUY,4 days,1 week,1.33,19
2026-08-08T07:09:10.055Z,POONAWALLA,480.05,-2.2,56.97,470.08,452.49,441.39,459.98,-0.443,1895576,1401042,73,480.05,511.6,527.37,456.39,Bullish,BUY,BUY,4 days,1 week,1.33,1
2026-08-08T07:09:10.072Z,3MINDIA,36035,0.64,59.47,35287.11,34404.69,33418.38,33661.73,-38.75,4631,4062,73,36035,37773.6,38642.9,34731.05,Bullish,BUY,BUY,4 days,1 week,1.33,1
2026-08-08T07:09:10.100Z,PWL,131.59,4.86,53.85,129.27,125.24,123.07,126.92,-0.893,12678121,6443149,73,131.59,143.7,149.75,122.51,Neutral,BUY,BUY,4 days,1 week,1.33,19
2026-08-08T07:09:10.284Z,RUBICON,1553.2,-1.36,59.51,1488.27,1365.77,1010.16,871.81,-4.601,255419,248405,73,1553.2,1683.9,1749.25,1455.17,Bullish,BUY,BUY,4 days,1 week,1.33,1
2026-08-08T07:09:10.331Z,PFOCUS,287.6,-1.47,55.43,283.26,269.29,246.8,229.25,-1.133,1101666,878547,73,287.6,316.39,330.79,266.01,Bullish,BUY,BUY,4 days,1 week,1.33,1
2026-08-08T07:09:10.360Z,GRANULES,873.85,4.2,60.01,847.72,818.05,687.41,627.72,-3.6,1146571,1035700,73,873.85,929.07,956.68,832.43,Bullish,BUY,BUY,4 days,1 week,1.33,1
2026-08-08T07:09:10.460Z,POLYMED,1693.8,-0.91,53.73,1681.47,1627.72,1623.61,1672.5,-2.354,225240,83403,73,1693.8,1803.81,1858.82,1611.29,Bullish,BUY,BUY,4 days,1 week,1.33,1
2026-08-08T07:09:10.555Z,WELSPUNLIV,164.09,3.04,54.26,161.5,157.13,139.93,136.55,-0.57,5904913,1744248,73,164.09,175.63,181.4,155.44,Neutral,BUY,BUY,4 days,1 week,1.33,19
2026-08-08T07:09:09.903Z,SWIGGY,280.75,-2.74,54.72,276.33,269.09,305.16,334.94,0.938,26303196,25750363,71,280.75,305.22,317.45,262.4,Bullish,BUY,SELL,4 days,1 week,1.33,7
2026-08-08T07:09:09.608Z,TCS,2452.7,3.36,62.98,2329.97,2281.24,2552.09,2656.64,11.12,4547979,4742977,70,2452.7,2589.07,2657.26,2350.42,Bullish,BUY,SELL,3 days,5 days,1.33,7
2026-08-08T07:09:09.616Z,INFY,1175.1,0.87,61.94,1124.02,1122.99,1270.74,1324.51,10.383,7581410,14550496,70,1175.1,1240.66,1273.44,1125.93,Bullish,BUY,SELL,4 days,1 week,1.33,7
2026-08-08T07:09:09.622Z,MARUTI,14037,-1.08,57.06,13884.45,13729.36,13975.94,14461.41,43.765,333510,438856,70,14037,14617.16,14907.24,13601.88,Bullish,BUY,HOLD,4 days,1 week,1.33,4
2026-08-08T07:09:09.636Z,HCLTECH,1356.6,1.62,68.16,1289.95,1239.39,1337.06,1381.74,4.433,1725616,4085525,70,1356.6,1428.62,1464.63,1302.58,Bullish,BUY,HOLD,4 days,1 week,1.33,4
2026-08-08T07:09:09.700Z,JIOFIN,256.8,-2.39,59.87,249.1,244.01,260.04,264.14,2.201,10858220,22304614,70,256.8,269.67,276.1,247.15,Bullish,BUY,SELL,3 days,1 week,1.33,7
2026-08-08T07:09:09.742Z,BPCL,321,-1.61,58.02,317.45,312.17,320.28,326.36,0.822,3694266,6651653,70,321,335.56,342.85,310.08,Bullish,BUY,HOLD,4 days,1 week,1.33,4
2026-08-08T07:09:09.751Z,LTM,4658.1,3.38,65.01,4266.94,4146.57,4595.75,4835.47,40.386,320411,562385,70,4658.1,4943.79,5086.63,4443.83,Bullish,BUY,HOLD,4 days,1 week,1.33,4
2026-08-08T07:09:09.765Z,BAJAJHLDNG,11263,-2.03,65.37,10931.92,10687.23,11008.62,11388.59,92.764,49087,54906,70,11263,11773.62,12028.93,10880.04,Bullish,BUY,HOLD,4 days,1 week,1.33,4
2026-08-08T07:09:09.827Z,LGEINDIA,1586.5,0.52,57.88,1550.05,1548.6,1561.47,1599.83,6.625,138372,257068,70,1586.5,1654.97,1689.2,1535.15,Bullish,BUY,HOLD,4 days,1 week,1.33,4
2026-08-08T07:09:09.959Z,SBICARD,659,-0.15,59.28,646.14,636.46,701.26,746.7,1.014,1453309,1666026,70,659,689.07,704.11,636.45,Bullish,BUY,SELL,4 days,1 week,1.33,7
2026-08-08T07:09:09.966Z,COROMANDEL,2069.3,-0.82,57.39,2051.15,2014.68,2096.4,2135.93,3.348,93460,134041,70,2069.3,2177.87,2232.15,1987.87,Bullish,BUY,SELL,4 days,1 week,1.33,7
2026-08-08T07:09:10.030Z,MPHASIS,2475,2.19,59.32,2370.36,2329.3,2432.69,2522.01,10.894,608641,658547,70,2475,2646.27,2731.91,2346.54,Bullish,BUY,HOLD,3 days,1 week,1.33,4
2026-08-08T07:09:10.093Z,LTTS,3598.7,1.22,61.57,3468.55,3419.35,3644.84,3680.31,14.915,79998,245537,70,3598.7,3824.24,3937,3429.55,Bullish,BUY,SELL,4 days,1 week,1.33,7
2026-08-08T07:09:10.095Z,UBL,1400.3,-0.87,57.4,1399.88,1386.71,1517.5,1587.12,1.678,90278,157563,70,1400.3,1468.51,1502.62,1349.14,Bullish,BUY,SELL,4 days,1 week,1.33,7
2026-08-08T07:09:10.136Z,ESCORTS,3080,-0.03,62,3016.87,2985.88,3187.26,3377.2,10.239,65250,139425,70,3080,3207.18,3270.76,2984.62,Bullish,BUY,SELL,4 days,1 week,1.33,7
2026-08-08T07:09:10.280Z,KAYNES,3856.3,0.69,68.73,3565.33,3464.73,4081.46,4121.29,54.151,806763,1256340,70,3856.3,4105.75,4230.47,3669.21,Bullish,BUY,SELL,4 days,1 week,1.33,7
2026-08-08T07:09:10.335Z,PFIZER,4880.6,-0.56,67.02,4731.37,4668.12,4786.76,4994.82,25.663,16772,31854,70,4880.6,5083.84,5185.46,4728.17,Bullish,BUY,HOLD,4 days,1 week,1.33,4
2026-08-08T07:09:10.357Z,URBANCO,143.74,0.83,62.94,135.19,132.34,134.61,147.22,1.239,3616093,8002502,70,143.74,154.9,160.48,135.37,Bullish,BUY,HOLD,4 days,1 week,1.33,4
2026-08-08T07:09:10.369Z,SAGILITY,43.67,-0.21,56.01,42.92,42.05,43.56,46.5,0.056,10947994,29714701,70,43.67,46.63,48.11,41.45,Bullish,BUY,HOLD,4 days,1 week,1.33,4
2026-08-08T07:09:10.416Z,BRIGADE,581.95,2.04,57.54,556.29,543.4,578.19,587.21,1.526,196857,554469,70,581.95,618.37,636.59,554.63,Bullish,BUY,HOLD,3 days,5 days,1.33,4
2026-08-08T07:09:10.511Z,KFINTECH,936,-1.34,55.11,916,898.44,950.75,987.61,3.335,591577,1563977,70,936,992.93,1021.4,893.3,Bullish,BUY,SELL,3 days,5 days,1.33,7
2026-08-08T07:09:10.523Z,MAHSCOOTER,13818,-0.12,63.99,13138.52,12892.56,13343.89,14792.82,103.137,2355,4879,70,13818,14697.53,15137.29,13158.35,Bullish,BUY,HOLD,4 days,1 week,1.33,4
2026-08-08T07:09:10.544Z,PARADEEP,149.45,0.89,60,143.91,138.7,145.03,155.34,0.335,6178811,13145939,70,149.45,160.57,166.14,141.11,Bullish,BUY,HOLD,4 days,1 week,1.33,4
2026-08-08T07:09:09.729Z,POWERINDIA,32600,2.19,50.9,32263.84,32628.15,28069.79,24906.61,150.801,91167,107912,68,32600,34769.22,35853.84,30973.08,Neutral,BUY,BUY,4 days,1 week,1.33,19
2026-08-08T07:09:09.735Z,POLYCAB,9218,-1.04,50.59,9169.71,9181.46,8388.91,8014.68,41.387,197996,360262,68,9218,9630,9836.01,8909,Neutral,BUY,BUY,3 days,5 days,1.33,19
2026-08-08T07:09:09.747Z,PFC,420,0.48,51.37,418.48,421.14,414.41,406.17,0.91,4422078,5755804,68,420,436.6,444.9,407.55,Bullish,BUY,BUY,4 days,1 week,1.33,1
2026-08-08T07:09:09.843Z,MAZDOCK,2514.9,-0.6,63.9,2398.19,2420.86,2503.19,2547.15,25.437,1078657,774184,68,2514.9,2636.56,2697.39,2423.66,Bullish,BUY,HOLD,4 days,1 week,1.33,4
2026-08-08T07:09:09.899Z,NMDC,84.92,-1.48,49.66,84.8,85.59,82.93,81.89,0.317,9354641,17241604,68,84.92,88.31,90.01,82.38,Bullish,BUY,BUY,4 days,1 week,1.33,1
2026-08-08T07:09:09.905Z,POLICYBZR,1604.5,-0.96,50.71,1592.49,1600.79,1642.42,1647.89,7.002,4221823,1372437,68,1604.5,1702.19,1751.04,1531.23,Bullish,BUY,SELL,4 days,1 week,1.33,7
2026-08-08T07:09:10.060Z,NLCINDIA,304.4,0.13,51.21,301.38,307.02,288.04,301.63,2.027,1530784,2050109,68,304.4,320.61,328.71,292.24,Neutral,BUY,BUY,4 days,1 week,1.33,19
2026-08-08T07:09:10.066Z,IRCTC,519.95,-0.1,60.8,505.65,511.96,575.25,601.69,3.531,994282,979521,68,519.95,538.27,547.42,506.21,Bullish,BUY,SELL,4 days,1 week,1.33,7
2026-08-08T07:09:10.305Z,KIOCL,391.75,-0.05,59.65,376.32,380.41,379.15,440.74,4.885,297023,226559,68,391.75,420.25,434.49,370.38,Bullish,BUY,BUY,4 days,1 week,1.33,1
2026-08-08T07:09:10.362Z,HATSUN,941.1,3.35,58.88,901.28,910.21,926.91,990.66,2.714,51026,37750,68,941.1,985.35,1007.48,907.91,Neutral,BUY,HOLD,4 days,1 week,1.33,22
2026-08-08T07:09:10.410Z,GMDCLTD,582.8,-2.34,50.84,576.61,593.73,581.99,582.37,4.203,980159,1153058,68,582.8,619.99,638.58,554.91,Neutral,BUY,BUY,4 days,1 week,1.33,19
2026-08-08T07:09:10.468Z,KANSAINER,212.35,0.94,57.69,203.35,205.26,212.82,220.15,1.59,371479,347541,68,212.35,225.79,232.51,202.27,Bullish,BUY,SELL,4 days,1 week,1.33,7
2026-08-08T07:09:10.490Z,NAVA,581.85,-0.03,54.36,579.49,592.75,599.46,637.84,3.109,401360,238741,68,581.85,616.42,633.7,555.93,Neutral,BUY,SELL,4 days,1 week,1.33,25
2026-08-08T07:09:09.610Z,BAJFINANCE,1078,-5.84,53.1,1078.16,1025.11,967.82,966.34,2.797,15614001,10412149,66,1078,1140.24,1171.35,1031.32,Neutral,BUY,BUY,3 days,5 days,1.33,19
2026-08-08T07:09:10.380Z,FSL,279.85,-4.8,50.45,284.78,267.22,278.3,273.21,1.741,9187334,6466214,66,279.85,313.06,329.67,254.94,Neutral,BUY,HOLD,4 days,1 week,1.33,22
2026-08-08T07:09:09.755Z,BRITANNIA,5510,1.96,58.67,5428.66,5395.3,5566.42,5718.13,-1.48,1342849,301370,65,5510,5737.62,5851.44,5339.28,Bullish,BUY,SELL,4 days,1 week,1.33,7
2026-08-08T07:09:09.769Z,LODHA,1218.7,0.39,57.39,1197.9,1101.88,1038.22,1004.57,-10.105,890480,2700606,65,1218.7,1306.62,1350.58,1152.76,Bullish,BUY,BUY,4 days,1 week,1.33,1
2026-08-08T07:09:09.857Z,NYKAA,332,-1,58.74,327.19,309.71,273.11,266.23,-0.632,6083027,7018783,65,332,349.02,357.53,319.24,Bullish,BUY,BUY,4 days,1 week,1.33,1
2026-08-08T07:09:09.867Z,FEDERALBNK,356.25,0.76,59.37,350.06,332.95,288.11,270.11,-0.91,4924276,7388632,65,356.25,371.76,379.51,344.62,Bullish,BUY,BUY,3 days,1 week,1.33,1
2026-08-08T07:09:09.868Z,DIXON,14200,-0.77,60.39,13834.67,13066.86,12830.4,12316.58,-57.361,207079,572975,65,14200,15061.65,15492.47,13553.77,Bullish,BUY,BUY,4 days,1 week,1.33,1
2026-08-08T07:09:09.881Z,NAUKRI,1225.3,-1.19,61.18,1200.05,1127.97,1141.58,1145.79,-4.16,747939,1695583,65,1225.3,1293.94,1328.26,1173.82,Bullish,BUY,HOLD,4 days,1 week,1.33,4
2026-08-08T07:09:09.884Z,INDUSINDBK,1022,0.57,56.07,1010.17,977.37,902.65,854.84,-3.507,1727371,2005160,65,1022,1069.08,1092.62,986.69,Bullish,BUY,BUY,4 days,1 week,1.33,1
2026-08-08T07:09:09.897Z,JSWINFRA,335.75,2.52,57.12,327.88,316,292.51,297.47,-0.881,2388341,3697929,65,335.75,358.02,369.15,319.05,Bullish,BUY,BUY,4 days,1 week,1.33,1
2026-08-08T07:09:09.911Z,IDFCFIRSTB,84.62,-0.86,60.94,83.21,79.72,75.44,74.88,-0.003,9539702,24378938,65,84.62,88.23,90.03,81.92,Bullish,BUY,BUY,4 days,1 week,1.33,1
2026-08-08T07:09:09.964Z,KALYANKJIL,606.3,1.39,64.99,564.79,495.24,457.44,472.4,-6.192,33255299,40266924,65,606.3,659.9,686.71,566.1,Bullish,BUY,BUY,3 days,5 days,1.33,1
2026-08-08T07:09:10.006Z,FLUOROCHEM,4518.1,0.44,63.11,4367.79,4095.08,3706.26,3667.69,-5.799,70208,187463,65,4518.1,4804.74,4948.05,4303.12,Bullish,BUY,BUY,3 days,1 week,1.33,1
2026-08-08T07:09:10.045Z,GLAXO,2599.7,1.17,57.72,2547.11,2460.8,2466.66,2497.76,-2.485,40361,72672,65,2599.7,2741.62,2812.58,2493.26,Bullish,BUY,HOLD,4 days,1 week,1.33,4
2026-08-08T07:09:10.047Z,AJANTPHARM,3489.2,1.5,56.55,3420.55,3302.06,2989.37,2871.88,-6.036,49287,113586,65,3489.2,3693.05,3794.97,3336.31,Bullish,BUY,BUY,4 days,1 week,1.33,1
2026-08-08T07:09:10.089Z,HSCL,752.65,-1.1,56.14,742.34,697.68,576.17,611.36,-4.565,4327549,9257570,65,752.65,810.29,839.11,709.42,Bullish,BUY,BUY,4 days,1 week,1.33,1
2026-08-08T07:09:10.116Z,ANANDRATHI,2101.5,1.45,64.13,2048.31,1972.64,1725.38,1642.46,-6.55,202601,289001,65,2101.5,2199.69,2248.78,2027.86,Bullish,BUY,BUY,4 days,1 week,1.33,1
2026-08-08T07:09:10.154Z,KARURVYSYA,335.55,-0.58,59.23,329.84,314.48,285.47,283.8,-0.851,816142,7262928,65,335.55,354.75,364.34,321.15,Bullish,BUY,BUY,4 days,1 week,1.33,1
2026-08-08T07:09:10.267Z,SUMICHEM,532.95,1.48,59.07,514.82,493.87,477.14,482.54,-2.604,611836,790883,65,532.95,572.54,592.33,503.26,Bullish,BUY,BUY,4 days,1 week,1.33,1
2026-08-08T07:09:10.338Z,ANANTRAJ,615.9,-0.24,59.64,602.83,572.32,546.28,579.89,-0.906,1039127,2758491,65,615.9,653.93,672.95,587.37,Bullish,BUY,BUY,4 days,1 week,1.33,1
2026-08-08T07:09:10.414Z,CHALET,859.7,2.39,59.94,833.13,818.21,828.13,876.99,-0.717,178373,112862,65,859.7,911.35,937.18,820.96,Bullish,BUY,HOLD,4 days,1 week,1.33,4
2026-08-08T07:09:10.420Z,CHOICEIN,841.15,2.04,66.9,804.55,768.43,742.59,754.71,-1.434,684783,1101383,65,841.15,875.92,893.3,815.07,Bullish,BUY,BUY,4 days,1 week,1.33,1
2026-08-08T07:09:10.466Z,ASTRAMICRO,1840,2.1,59.06,1781.65,1655.62,1287.32,1261.7,-3.776,224632,560363,65,1840,1988.77,2063.16,1728.42,Bullish,BUY,BUY,4 days,1 week,1.33,1
2026-08-08T07:09:10.507Z,NIVABUPA,86.19,-1.54,55.61,86.37,84.98,80.75,80.67,0.041,540098,1572152,65,86.19,90.17,92.16,83.2,Neutral,BUY,BUY,4 days,1 week,1.33,19
2026-08-08T07:09:10.551Z,HONASA,477.6,3.91,61.46,455.17,434.64,357.88,347.37,-1.327,628711,838901,65,477.6,506.4,520.8,456,Bullish,BUY,BUY,4 days,1 week,1.33,1
2026-08-08T07:09:09.630Z,KOTAKBANK,390.75,-0.82,51.29,389.88,388.89,395.49,400.05,1.34,7315232,13618563,63,390.75,375.77,368.28,401.99,Bullish,HOLD,SELL,4 days,1 week,1.33,8
2026-08-08T07:09:09.933Z,FORTIS,955.15,3.82,52.1,947.25,949.93,929.18,933.71,-1.297,3551821,1139924,63,955.15,910.03,887.47,988.99,Neutral,HOLD,BUY,4 days,1 week,1.33,20
2026-08-08T07:09:09.940Z,IOB,34.26,-1.55,51.05,34.19,34.14,34.96,36.82,0.035,2285872,4790347,63,34.26,32.86,32.16,35.31,Bullish,HOLD,SELL,4 days,1 week,1.33,8
2026-08-08T07:09:09.972Z,JSL,734.65,-1.32,54.29,726.69,721.45,739.09,756.47,0.356,359503,505383,63,734.65,699.54,681.99,760.98,Bullish,HOLD,SELL,4 days,1 week,1.33,8
2026-08-08T07:09:10.003Z,SUNDARMFIN,4604.2,-0.93,53.29,4567.1,4543.31,4688.44,4767.79,20.144,22448,62766,63,4604.2,4335.68,4201.42,4805.59,Bullish,HOLD,SELL,4 days,1 week,1.33,8
2026-08-08T07:09:10.104Z,ITCHOTELS,170.65,-0.25,53.26,168.1,167.68,178.93,181.09,0.455,2944172,3246283,63,170.65,161.45,156.84,177.55,Neutral,HOLD,SELL,3 days,5 days,1.33,26
2026-08-08T07:09:10.205Z,NIACL,177.11,-3.62,53.96,174.84,172.54,167.56,180.7,0.7,1490286,2516786,63,177.11,163.29,156.38,187.48,Bullish,HOLD,BUY,4 days,1 week,1.33,2
2026-08-08T07:09:10.341Z,RAMCOCEM,933.8,1.26,54.96,924.76,922.79,981.92,1010.47,0.92,80023,109802,63,933.8,886.73,863.19,969.11,Bullish,HOLD,SELL,4 days,1 week,1.33,8
2026-08-08T07:09:10.343Z,KPIL,1317.2,2.67,45.93,1305.42,1306.56,1238.39,1234.11,-2.33,198579,119494,63,1317.2,1247.94,1213.32,1369.14,Neutral,HOLD,BUY,4 days,1 week,1.33,20
2026-08-08T07:09:10.014Z,RVNL,233.38,-0.69,53.94,229.38,237.74,278.88,304.33,1.856,4691820,4574270,61,233.38,222.42,216.94,241.6,Bullish,HOLD,SELL,4 days,1 week,1.33,8
2026-08-08T07:09:10.024Z,BDL,1294,-0.38,52.92,1276.15,1291.68,1358.98,1409.25,4.852,872088,842051,61,1294,1226.65,1192.98,1344.51,Neutral,HOLD,SELL,4 days,1 week,1.33,26
2026-08-08T07:09:09.597Z,RELIANCE,1334.8,0.74,58.6,1300.97,1310.43,1367.62,1391.56,5.047,9885638,12341580,60,1334.8,1287.45,1263.77,1370.31,Bullish,HOLD,SELL,4 days,1 week,1.33,8
2026-08-08T07:09:09.696Z,WIPRO,187.53,0.76,61.45,182.19,183.44,206.35,210.57,1.226,7823102,15984114,60,187.53,179.84,176,193.3,Bullish,HOLD,SELL,4 days,1 week,1.33,8
2026-08-08T07:09:09.774Z,CANBK,131.95,0.19,61.22,127.65,128.89,132.13,135.73,0.876,22576580,22751924,60,131.95,126.36,123.57,136.14,Bullish,HOLD,SELL,4 days,1 week,1.33,8
2026-08-08T07:09:10.056Z,PIIND,2774.6,-0.77,55.99,2736.36,2751.23,3053.63,3143.08,12.843,85234,185264,60,2774.6,2660.3,2603.15,2860.33,Bullish,HOLD,SELL,4 days,1 week,1.33,8
2026-08-08T07:09:10.102Z,GODFRYPHLP,2286,-1.68,59.39,2182.5,2183.68,2399.57,2650.2,29.575,278917,636233,60,2286,2126.59,2046.88,2405.56,Bullish,HOLD,SELL,3 days,1 week,1.33,8
2026-08-08T07:09:10.184Z,CHOLAHLDNG,1628,1.52,61.4,1572.6,1583.78,1660.61,1699.05,9.217,196653,209048,60,1628,1532.27,1484.41,1699.8,Neutral,HOLD,SELL,4 days,1 week,1.33,26
2026-08-08T07:09:10.297Z,FORCEMOT,18500,-0.2,58.17,18062.54,18412.52,19210.39,19667.59,152.974,73575,95197,60,18500,17350.09,16775.14,19362.43,Bullish,HOLD,SELL,4 days,1 week,1.33,8
2026-08-08T07:09:10.324Z,TATAELXSI,3781,1.78,55.49,3681.17,3818.99,4477.2,4676.35,43.162,449437,539950,60,3781,3582.61,3483.41,3929.79,Bullish,HOLD,SELL,3 days,5 days,1.33,8
2026-08-08T07:09:10.427Z,OLAELEC,41.07,-0.89,56.52,39.63,39.71,38.55,42.85,0.487,26892667,52621524,60,41.07,37.86,36.25,43.48,Bullish,HOLD,BUY,4 days,1 week,1.33,2
2026-08-08T07:09:10.477Z,KPITTECH,629.9,1.11,55.42,606.59,640.07,829.72,782.56,11.124,2544167,5577782,60,629.9,583.09,559.68,665.01,Bullish,HOLD,SELL,4 days,1 week,1.33,8
2026-08-08T07:09:09.706Z,SOLARINDS,18650,0.83,54.9,18434.22,17990.07,15953.93,14914.73,-21.122,49218,94784,58,18650,17633.23,17124.84,19412.58,Bullish,HOLD,BUY,4 days,1 week,1.33,2
2026-08-08T07:09:09.720Z,ICICIAMC,3072.8,-0.29,41.53,3131.73,3184.66,3031.15,2922.51,0.144,123997,421234,58,3072.8,2933.67,2864.11,3177.14,Bearish,HOLD,BUY,4 days,1 week,1.33,11
2026-08-08T07:09:09.744Z,CGPOWER,879,-1.18,47.75,881.23,885.78,798.62,762.68,0.548,1509786,4269956,58,879,820.07,790.61,923.19,Bearish,HOLD,BUY,4 days,1 week,1.33,11
2026-08-08T07:09:09.789Z,GAIL,173.63,-1.57,49.64,174.36,171.81,167.93,167,0.001,7005144,11673023,58,173.63,165.19,160.97,179.96,Neutral,HOLD,BUY,4 days,1 week,1.33,20
2026-08-08T07:09:09.809Z,MARICO,862,0.23,53.19,859.73,842.58,791.61,769.47,-1.646,1151946,1833741,58,862,825.4,807.1,889.45,Bullish,HOLD,BUY,4 days,1 week,1.33,2
2026-08-08T07:09:09.855Z,RECLTD,367,1.52,54.79,364.32,359.31,358.37,358.79,-0.319,4061190,4438660,58,367,352.07,344.6,378.2,Bullish,HOLD,BUY,4 days,1 week,1.33,2
2026-08-08T07:09:09.961Z,GODREJPROP,2070,-0.57,52.66,2068.37,1977.87,1898.38,1854.24,-14.751,486095,782762,58,2070,1939.99,1874.98,2167.51,Bullish,HOLD,BUY,4 days,1 week,1.33,2
2026-08-08T07:09:10.020Z,PIRAMALFIN,2109.7,-1.26,51.97,2095.83,2065.29,1831.53,1855.25,-4.594,121223,340989,58,2109.7,1972.77,1904.31,2212.39,Neutral,HOLD,BUY,4 days,1 week,1.33,20
2026-08-08T07:09:10.043Z,GODREJIND,1311.5,-0.67,53.23,1304.22,1228.35,1102.84,1091.9,-12.309,33908,272592,58,1311.5,1220.03,1174.3,1380.1,Bullish,HOLD,BUY,3 days,5 days,1.33,2
2026-08-08T07:09:10.172Z,AEGISVOPAK,285.3,-1.18,53.2,285.01,262.25,235.87,243.36,-3.217,813122,2197373,58,285.3,255.93,241.24,307.33,Bullish,HOLD,BUY,4 days,1 week,1.33,2
2026-08-08T07:09:10.174Z,SCHNEIDER,1354.8,0.17,49.06,1343.63,1313.15,1097.82,981.39,-3.774,150459,223045,58,1354.8,1241.23,1184.44,1439.98,Neutral,HOLD,BUY,4 days,1 week,1.33,20
2026-08-08T07:09:10.180Z,HFCL,207.98,2.12,52.65,204.44,193.14,133.01,118.49,-0.562,19489977,26058384,58,207.98,185.82,174.74,224.6,Neutral,HOLD,BUY,3 days,1 week,1.33,20
2026-08-08T07:09:10.249Z,MSUMI,41.16,0.37,55.08,40.61,40.16,41.01,42.45,-0.003,13810912,10077782,58,41.16,38.67,37.43,43.02,Bullish,HOLD,HOLD,N/A,N/A,1.33,5
2026-08-08T07:09:10.384Z,IFCI,73.98,-1.24,49.32,74.19,73.23,64.49,69.02,0.387,5929569,14400389,58,73.98,68.81,66.22,77.86,Neutral,HOLD,BUY,4 days,1 week,1.33,20
2026-08-08T07:09:10.388Z,CAMS,787.5,-1.49,50.58,788,779.79,757.66,754.11,2.235,1011683,1218524,58,787.5,745.12,723.93,819.29,Neutral,HOLD,BUY,4 days,1 week,1.33,20
2026-08-08T07:09:10.394Z,CAPLIPOINT,2574.1,1.27,54.33,2556.79,2431.99,2108.42,2069.06,-12.751,48098,99050,58,2574.1,2401.88,2315.77,2703.26,Bullish,HOLD,BUY,4 days,1 week,1.33,2
2026-08-08T07:09:10.401Z,SAMMAANCAP,163.17,-2.42,48.44,163.63,164.25,154.63,154.92,0.479,6194885,6452980,58,163.17,153.6,148.81,170.35,Bearish,HOLD,BUY,4 days,1 week,1.33,11
2026-08-08T07:09:10.409Z,SHRIPISTON,4392.8,-1.08,54.97,4279.24,4035.08,3401.99,3120.89,-10.264,36877,57450,58,4392.8,4037.49,3859.83,4659.28,Bullish,HOLD,BUY,4 days,1 week,1.33,2
2026-08-08T07:09:10.443Z,INOXINDIA,1954.7,0.89,53.71,1932.95,1840.88,1494.96,1580.16,-12.722,130519,249861,58,1954.7,1776.73,1687.75,2088.18,Bullish,HOLD,BUY,4 days,1 week,1.33,2
2026-08-08T07:09:10.457Z,CENTURYPLY,781.95,1.74,52.07,781.06,773.77,764,779.38,-2.618,79648,104502,58,781.95,734.37,710.58,817.64,Bullish,HOLD,BUY,4 days,1 week,1.33,2
2026-08-08T07:09:10.492Z,COHANCE,445.75,3.8,52.93,433.35,431.97,497.7,510.17,-0.197,6018027,838982,58,445.75,410.76,393.26,472,Neutral,HOLD,SELL,4 days,1 week,1.33,26
2026-08-08T07:09:10.500Z,APLLTD,830.1,-0.52,56.91,815.94,798.81,805.97,837.16,-0.801,156108,119813,58,830.1,784.02,760.98,864.66,Bullish,HOLD,HOLD,N/A,N/A,1.33,5
2026-08-08T07:09:10.564Z,TEJASNET,513.45,-1.69,43.51,527.99,532.02,501.77,477.72,1.553,682905,1793871,58,513.45,473.2,453.08,543.63,Bearish,HOLD,BUY,4 days,1 week,1.33,11
2026-08-08T07:09:09.638Z,ITC,286.1,0.07,51.84,284.91,287.74,322.06,339.01,0.727,6128841,15906924,53,286.1,277.03,272.49,292.91,Bullish,HOLD,SELL,4 days,1 week,1.33,8
2026-08-08T07:09:09.655Z,BEL,401,0.45,48.97,399.7,407.89,414.51,417.19,0.402,10798068,12285413,53,401,386.49,379.24,411.88,Neutral,HOLD,SELL,4 days,1 week,1.33,26
2026-08-08T07:09:09.685Z,IOC,143.38,0.5,54.78,141.63,141.79,147.51,153.17,0.324,5173696,11169899,53,143.38,137.86,135.1,147.52,Bullish,HOLD,SELL,4 days,1 week,1.33,8
2026-08-08T07:09:09.758Z,BANKBARODA,250.7,-0.12,50.52,248.4,255.88,267.28,272.84,1.582,7479873,9430476,53,250.7,239.76,234.29,258.91,Neutral,HOLD,SELL,4 days,1 week,1.33,26
2026-08-08T07:09:09.763Z,TMPV,347,0.48,54.99,340.54,346.42,393.37,425.07,3.27,4274035,7281800,53,347,332.26,324.88,358.06,Bullish,HOLD,SELL,4 days,1 week,1.33,8
2026-08-08T07:09:09.771Z,TATAPOWER,380.55,0.52,48.88,380.01,387.04,391.96,395,1.276,2614409,3225864,53,380.55,367.84,361.48,390.09,Neutral,HOLD,SELL,4 days,1 week,1.33,26
2026-08-08T07:09:09.816Z,LUPIN,2363.5,-0.9,43.28,2411.46,2388.58,2254.55,2186.74,-11.866,2046981,994686,53,2363.5,2255.06,2200.84,2444.83,Bearish,HOLD,BUY,4 days,1 week,1.33,11
2026-08-08T07:09:09.826Z,VEDL,278.85,1.4,53.97,270.86,303.46,441.23,476.71,3.934,10287563,11999321,53,278.85,263.85,256.35,290.1,Bullish,HOLD,SELL,4 days,1 week,1.33,8
2026-08-08T07:09:09.986Z,FACT,839.4,-0.14,49.46,839.08,854.83,865.99,885.78,4.334,46846,95021,53,839.4,796.75,775.42,871.39,Neutral,HOLD,SELL,4 days,1 week,1.33,26
2026-08-08T07:09:10.040Z,SUPREMEIND,3442,-1.01,50.82,3435.45,3453.27,3650.77,3718.36,7.396,177284,199162,53,3442,3253.74,3159.62,3583.19,Bullish,HOLD,SELL,4 days,1 week,1.33,8
2026-08-08T07:09:10.086Z,ASTRAL,1444,0.65,51.75,1432.85,1453.28,1487.75,1481.94,6.534,196726,549502,53,1444,1372.51,1336.77,1497.61,Bullish,HOLD,SELL,4 days,1 week,1.33,8
2026-08-08T07:09:10.110Z,DELHIVERY,473.3,2.09,47.81,477.01,474.63,456.38,456.97,-1.49,6405412,3776602,53,473.3,445.38,431.42,494.24,Bearish,HOLD,BUY,4 days,1 week,1.33,11
2026-08-08T07:09:10.202Z,IKS,1737.7,-7.46,44.46,1822.73,1769.68,1649.76,1597.96,-10.083,590774,142518,53,1737.7,1615.22,1553.98,1829.56,Neutral,HOLD,BUY,4 days,1 week,1.33,20
2026-08-08T07:09:10.382Z,ASTRAZEN,8191,1.02,46.16,8146.46,8244.85,8500.07,8661.7,17.585,3198,6331,53,8191,7813.52,7624.78,8474.11,Neutral,HOLD,SELL,4 days,1 week,1.33,26
2026-08-08T07:09:10.432Z,PINELABS,154.44,-1.03,54.01,150.03,153.48,185.43,164.42,0.965,12806006,23159440,53,154.44,140.41,133.4,164.96,Bullish,HOLD,SELL,4 days,1 week,1.33,8
2026-08-08T07:09:09.977Z,ABBOTINDIA,27835,0.18,56.13,27661.95,27167.48,27739.34,27929.52,-87.482,6071,11335,50,27835,26917.06,26458.09,28523.46,Bullish,HOLD,HOLD,N/A,N/A,1.33,5
2026-08-08T07:09:10.440Z,EMAMILTD,412.55,2.54,50.68,407.33,410.89,456.96,486.98,-0.926,1435524,647287,48,412.55,389.33,377.72,429.97,Neutral,HOLD,SELL,4 days,1 week,1.33,26
2026-08-08T07:09:09.604Z,ICICIBANK,1421,-2.5,49.72,1431.64,1392.67,1361.94,1348.58,-4.325,14395789,12733971,46,1421,1372.43,1348.15,1457.42,Neutral,HOLD,BUY,4 days,1 week,1.33,20
2026-08-08T07:09:10.219Z,SHYAMMETL,1006.9,-0.85,48.6,1017.28,988.22,921.52,915.95,-5.238,717867,626478,46,1006.9,949.29,920.49,1050.11,Neutral,HOLD,BUY,4 days,1 week,1.33,20
2026-08-08T07:09:10.333Z,AADHARHFC,506.4,0.24,54,506.77,503.19,492.87,496.08,-0.814,380689,325713,46,506.4,476.55,461.63,528.78,Bearish,HOLD,BUY,4 days,1 week,1.33,11
2026-08-08T07:09:10.517Z,CLEANMAX,1323.8,-4.13,52.51,1343.33,1291.72,1082.77,1100.01,-2.796,224976,176070,46,1323.8,1177.92,1104.98,1433.21,Neutral,HOLD,BUY,4 days,1 week,1.33,20
2026-08-08T07:09:10.091Z,NH,1885.1,-0.95,37.7,1978.03,1952.24,1865.26,1873.21,-19.381,703113,306901,45,1885.1,1784.48,1734.17,1960.56,Bearish,HOLD,BUY,4 days,1 week,1.33,11
2026-08-08T07:09:10.504Z,FIVESTAR,543.25,-0.81,56.5,545.37,520.5,502.76,521.04,-3.041,300190,745977,45,543.25,506.56,488.21,570.77,Neutral,HOLD,BUY,4 days,1 week,1.33,20
2026-08-08T07:09:09.708Z,TRENT,2997,-3.54,49.92,3004.53,2966.93,3283.27,3307.55,17.405,2469173,1147091,43,2997,2830.92,2747.88,3121.56,Neutral,HOLD,SELL,4 days,1 week,1.33,26
2026-08-08T07:09:09.981Z,MRF,134190,-0.16,54.72,132808.86,131588.94,136530.42,141004.76,-9.128,3690,4550,43,134190,129823.01,127639.52,137465.24,Bullish,HOLD,SELL,4 days,1 week,1.33,8
2026-08-08T07:09:10.124Z,DALBHARAT,1827.4,-0.58,53.45,1811.77,1796.32,1929.13,2044.66,-2.602,124954,262088,43,1827.4,1735.1,1688.95,1896.63,Bullish,HOLD,SELL,4 days,1 week,1.33,8
2026-08-08T07:09:10.133Z,HEXT,564.6,-1.05,50.42,559.64,540.76,573.76,602.73,-2.931,416438,1070641,43,564.6,514.21,489.01,602.39,Bullish,HOLD,SELL,4 days,1 week,1.33,8
2026-08-08T07:09:10.207Z,MRPL,167.01,-0.46,52,166.49,163.34,160.1,170.43,-0.425,2184338,23036631,43,167.01,153.14,146.21,177.41,Bullish,HOLD,BUY,4 days,1 week,1.33,2
2026-08-08T07:09:10.429Z,INDIACEM,398.15,1.3,53.9,394.03,391.74,394.7,410.99,-0.742,181089,402399,43,398.15,375.84,364.69,414.88,Bullish,HOLD,HOLD,N/A,N/A,1.33,5
2026-08-08T07:09:10.434Z,JSWCEMENT,134.29,1.26,50.4,134.21,132.79,129.89,135.71,-0.55,1543467,2021911,43,134.29,127.78,124.52,139.17,Neutral,HOLD,BUY,4 days,1 week,1.33,20
2026-08-08T07:09:10.459Z,CROMPTON,249.95,-7.43,40.67,260.74,263.84,269.96,270.15,0.848,22616837,3878889,43,249.95,233.1,224.67,262.59,Bearish,HOLD,SELL,4 days,1 week,1.33,17
2026-08-08T07:09:09.618Z,SUNPHARMA,1945,-0.31,51.86,1948.95,1905.38,1793.34,1743.06,-7.036,2425268,2535853,38,1945,1876.38,1842.07,1996.46,Neutral,HOLD,BUY,4 days,1 week,1.33,20
2026-08-08T07:09:09.624Z,ADANIENT,3020,-0.98,46.48,3062.73,2981.1,2589.7,2455.52,-12.722,843121,1177733,38,3020,2882.89,2814.33,3122.83,Bearish,HOLD,BUY,4 days,1 week,1.33,11
2026-08-08T07:09:09.628Z,ADANIPOWER,209,0.42,41.07,213.35,215.54,185.74,173.65,-0.185,14372119,24381999,38,209,198.3,192.95,217.02,Bearish,HOLD,BUY,4 days,1 week,1.33,11
2026-08-08T07:09:09.634Z,ADANIPORTS,1693.5,-0.09,35.09,1747.06,1760.77,1619.35,1542.75,-8.661,2387389,2121915,38,1693.5,1620.75,1584.38,1748.06,Bearish,HOLD,BUY,4 days,1 week,1.33,11
2026-08-08T07:09:09.687Z,ADANIENSOL,1630.1,-0.72,46.31,1649.94,1577.47,1268.28,1190.76,-15.036,938596,1993299,38,1630.1,1531.65,1482.42,1703.94,Neutral,HOLD,BUY,4 days,1 week,1.33,20
2026-08-08T07:09:09.691Z,TORNTPHARM,4924,-1.52,53.52,4940,4767.72,4305.57,4282.93,-16.338,701944,925289,38,4924,4652.71,4517.06,5127.47,Neutral,HOLD,BUY,4 days,1 week,1.33,20
2026-08-08T07:09:09.725Z,CUMMINSIND,5426,0.44,43.9,5506.87,5503.54,4969.43,4662.95,-8.974,262771,467045,38,5426,5130.43,4982.64,5647.68,Bearish,HOLD,BUY,4 days,1 week,1.33,11
2026-08-08T07:09:09.731Z,BHEL,405.2,-0.72,48.67,408.34,398.71,334.25,313.17,-1.118,9754089,13466263,38,405.2,381.06,368.99,423.31,Neutral,HOLD,BUY,4 days,1 week,1.33,20
2026-08-08T07:09:09.738Z,BSE,3457.1,0.64,37.4,3601.89,3693.58,3309.7,2955.81,-2.344,3722055,2737627,38,3457.1,3248.1,3143.6,3613.85,Bearish,HOLD,BUY,4 days,1 week,1.33,11
2026-08-08T07:09:09.782Z,GROWW,190.5,0.77,40.88,196.32,196.94,178.37,174.94,-1.339,15400597,33450205,38,190.5,178.71,172.82,199.34,Bearish,HOLD,BUY,4 days,1 week,1.33,11
2026-08-08T07:09:09.798Z,GMRAIRPORT,107.2,0.57,46.99,108.05,106.77,100.3,99.37,-0.453,7114277,12928283,38,107.2,102.51,100.17,110.72,Bearish,HOLD,BUY,4 days,1 week,1.33,11
2026-08-08T07:09:09.813Z,ZYDUSLIFE,1114.2,0.56,48.46,1120.66,1097.89,1008.32,1002.86,-3.55,666151,1034859,38,1114.2,1066.53,1042.7,1149.95,Bearish,HOLD,BUY,4 days,1 week,1.33,11
2026-08-08T07:09:09.833Z,INDHOTEL,731,-0.68,50.05,734.8,716.62,697.73,698.64,-1.713,1606078,2245371,38,731,701.76,687.15,752.93,Neutral,HOLD,BUY,4 days,1 week,1.33,20
2026-08-08T07:09:09.846Z,MANKIND,2456,0.84,40.53,2503.16,2468.97,2363.39,2329.06,-20.156,241909,482977,38,2456,2325.53,2260.3,2553.85,Bearish,HOLD,BUY,4 days,1 week,1.33,11
2026-08-08T07:09:09.883Z,LTF,308,-2.73,48.62,311.19,303.38,281.82,280.75,-0.556,4814207,6444708,38,308,289.47,280.21,321.9,Neutral,HOLD,BUY,4 days,1 week,1.33,20
2026-08-08T07:09:09.919Z,ATGL,657.55,-0.42,40.21,676.05,683.5,634.72,655.95,-0.78,373836,1386912,38,657.55,619.37,600.28,686.18,Bearish,HOLD,BUY,4 days,1 week,1.33,11
2026-08-08T07:09:09.925Z,YESBANK,22.69,0.04,40.28,23.09,23.1,21.84,21.81,-0.021,25521116,62346849,38,22.69,21.88,21.47,23.3,Bearish,HOLD,BUY,4 days,1 week,1.33,11
2026-08-08T07:09:09.927Z,BIOCON,426.35,-2.35,49.57,428.33,421,396.08,392.72,-1.163,5265823,7075185,38,426.35,404.51,393.58,442.73,Neutral,HOLD,BUY,4 days,1 week,1.33,20
2026-08-08T07:09:09.937Z,PRESTIGE,1584.8,0.43,46.48,1623.81,1574.64,1518.53,1503.61,-16.697,475170,671905,38,1584.8,1475.26,1420.49,1666.96,Bearish,HOLD,BUY,3 days,5 days,1.33,11
2026-08-08T07:09:09.938Z,MCX,2638,-0.08,40.48,2716.66,2784.24,2535.91,2381.17,-8.123,1444759,1746618,38,2638,2478.22,2398.34,2757.83,Bearish,HOLD,BUY,4 days,1 week,1.33,11
2026-08-08T07:09:09.942Z,ALKEM,5620,-1.34,49.25,5631.41,5558.87,5461.45,5509.03,-9.631,109477,123826,38,5620,5380.1,5260.15,5799.93,Neutral,HOLD,BUY,4 days,1 week,1.33,20
2026-08-08T07:09:09.951Z,OBEROIRLTY,1775,-0.11,43.36,1822.09,1785.69,1681.07,1644.26,-15.066,171271,358498,38,1775,1681.99,1635.48,1844.76,Bearish,HOLD,BUY,4 days,1 week,1.33,11
2026-08-08T07:09:09.974Z,MAHABANK,78.28,0.14,40.49,80.47,81.35,72.77,68.77,-0.082,9248212,15367098,38,78.28,74.03,71.91,81.47,Bearish,HOLD,BUY,4 days,1 week,1.33,11
2026-08-08T07:09:09.997Z,MOTILALOFS,870,-0.46,41.61,893.03,896.6,867.09,869.48,-3.893,891154,1401095,38,870,818.65,792.98,908.51,Bearish,HOLD,BUY,4 days,1 week,1.33,11
2026-08-08T07:09:10.036Z,PAGEIND,39900,-1.13,48.36,40304.71,39727.97,38653.31,38341.47,-71.476,15718,26379,38,39900,38101,37201.49,41249.25,Bearish,HOLD,BUY,4 days,1 week,1.33,11
2026-08-08T07:09:10.041Z,IPCALAB,1735.8,-1.65,47.56,1759.74,1709.4,1561.15,1512.53,-15.992,151963,236186,38,1735.8,1619.38,1561.17,1823.12,Bearish,HOLD,BUY,4 days,1 week,1.33,11
2026-08-08T07:09:10.097Z,KPRMILL,1076.7,-0.17,50.19,1082.19,1071.76,1005.17,1018.74,-1.511,169826,280759,38,1076.7,998.31,959.12,1135.49,Bearish,HOLD,BUY,4 days,1 week,1.33,11
2026-08-08T07:09:10.138Z,HONAUT,37900,-1.24,51.11,38361.03,37178.57,34809.98,34360.61,-100.534,2587,7287,38,37900,35956.05,34984.07,39357.97,Neutral,HOLD,BUY,4 days,1 week,1.33,20
2026-08-08T07:09:10.141Z,STARHEALTH,569.85,-0.66,42.79,585.74,570.37,513.11,492.56,-3.736,198994,555926,38,569.85,535.94,518.98,595.28,Bearish,HOLD,BUY,4 days,1 week,1.33,11
2026-08-08T07:09:10.151Z,KIRLOSENG,2161.7,-3.56,51.72,2238.24,2145.49,1655.51,1551.11,-7.491,372981,395639,38,2161.7,1965.11,1866.82,2309.14,Bearish,HOLD,BUY,4 days,1 week,1.33,11
2026-08-08T07:09:10.200Z,ABSLAMC,1025.3,0.81,43.14,1049.99,1069.36,976.27,938.75,-3.382,169770,362279,38,1025.3,950.93,913.74,1081.08,Bearish,HOLD,BUY,3 days,1 week,1.33,11
2026-08-08T07:09:10.222Z,BANDHANBNK,176.02,0.78,40.32,182.21,190.23,180.05,174.44,-0.184,10729624,21282264,38,176.02,162.84,156.26,185.9,Bearish,HOLD,HOLD,N/A,N/A,1.33,14
2026-08-08T07:09:10.262Z,ACUTAAS,3297.9,0.46,45.77,3334.04,3254.06,2549.19,2285.18,-34.047,107779,384578,38,3297.9,3008.12,2863.23,3515.23,Bearish,HOLD,BUY,4 days,1 week,1.33,11
2026-08-08T07:09:10.264Z,ACMESOLAR,368.6,-3.57,54.17,371.24,355.55,302.4,296.17,-0.671,1423424,2225125,38,368.6,338.74,323.8,391,Neutral,HOLD,BUY,4 days,1 week,1.33,20
2026-08-08T07:09:10.269Z,AMBER,7435,-1.21,45.94,7500.53,7567.29,7468.98,7371.1,-5.269,102768,255714,38,7435,7025.13,6820.2,7742.4,Bearish,HOLD,HOLD,N/A,N/A,1.33,14
2026-08-08T07:09:10.295Z,CREDITACC,1523.6,-0.26,54.3,1533.18,1470.23,1356.44,1379.74,-4.734,233078,452381,38,1523.6,1419.57,1367.56,1601.62,Neutral,HOLD,BUY,4 days,1 week,1.33,20
2026-08-08T07:09:10.300Z,DATAPATTNS,4380.7,-0.27,49.08,4414.91,4328.26,3641.53,3565.82,-2.865,335411,1112846,38,4380.7,3983.22,3784.48,4678.81,Neutral,HOLD,BUY,4 days,1 week,1.33,20
2026-08-08T07:09:10.321Z,CGCL,230.25,-4.49,46.91,235.59,226.89,201.1,202.6,-1.843,2784996,3716743,38,230.25,210.32,200.35,245.2,Bearish,HOLD,BUY,4 days,1 week,1.33,11
2026-08-08T07:09:10.328Z,EMMVEE,318.9,-2.82,45.58,326.42,320.8,269.69,258.7,-0.885,1578665,3270437,38,318.9,293.23,280.39,338.15,Bearish,HOLD,BUY,3 days,5 days,1.33,11
2026-08-08T07:09:10.353Z,CEMPRO,1208.1,-3.03,29.95,1380.73,1299.21,971.77,912.59,-44.533,838985,657004,38,1208.1,1073.5,1006.2,1309.05,Bearish,HOLD,BUY,4 days,1 week,1.33,11
2026-08-08T07:09:10.364Z,CUB,212,1.73,48.16,214.6,210.84,197.93,195.67,-2.544,3440800,3826688,38,212,195.38,187.06,224.47,Bearish,HOLD,BUY,4 days,1 week,1.33,11
2026-08-08T07:09:10.390Z,DEEPAKFERT,1537.8,-1.36,45.42,1577.65,1524.87,1374.12,1295.6,-9.132,197325,477686,38,1537.8,1419.17,1359.86,1626.77,Bearish,HOLD,BUY,4 days,1 week,1.33,11
2026-08-08T07:09:10.449Z,J&KBANK,159.24,1.78,44.74,166.25,161,133.85,129.29,-3.105,6458285,8288511,38,159.24,143.14,135.09,171.31,Bearish,HOLD,BUY,3 days,4 days,1.33,11
2026-08-08T07:09:10.455Z,VTL,606.75,1.46,43.46,614.52,617.3,548.42,492.47,-2.832,166411,335554,38,606.75,564.31,543.09,638.58,Bearish,HOLD,BUY,4 days,1 week,1.33,11
2026-08-08T07:09:10.479Z,ABDL,599.25,-2.43,42.76,625.01,613.7,564.07,562.8,-2.898,364877,405251,38,599.25,553,529.87,633.94,Bearish,HOLD,BUY,4 days,1 week,1.33,11
2026-08-08T07:09:10.483Z,ZYDUSWELL,533.85,0.65,41.82,559.27,545.75,486.18,475.88,-7.097,247611,437830,38,533.85,487.26,463.96,568.8,Bearish,HOLD,BUY,4 days,1 week,1.33,11
2026-08-08T07:09:10.513Z,THANGAMAYL,5275,2.55,40.99,5882.74,5668.66,4288.39,4232.69,-229.909,213017,312436,38,5275,4513.88,4133.32,5845.84,Bearish,HOLD,BUY,3 days,4 days,1.33,11
2026-08-08T07:09:10.531Z,ZENTEC,1721.1,-0.78,47.97,1729.2,1732.74,1581.98,1560.58,-2.797,194337,410366,38,1721.1,1592.84,1528.72,1817.29,Bearish,HOLD,BUY,4 days,1 week,1.33,11
2026-08-08T07:09:10.538Z,JBMA,648.65,-1.35,40.24,667.72,666.76,634.34,640.14,-1.754,161028,298774,38,648.65,614.37,597.23,674.36,Bearish,HOLD,BUY,4 days,1 week,1.33,11
2026-08-08T07:09:10.565Z,VISHNU,586.6,-1.38,40.28,608.69,604.5,558.46,547.22,-4.98,71792,148637,38,586.6,546.51,526.46,616.67,Bearish,HOLD,BUY,4 days,1 week,1.33,11
2026-08-08T07:09:09.914Z,ICICIPRULI,501.05,-3,50.39,507.81,508.17,555.49,573.04,0.493,3072294,2312467,36,501.05,476.84,464.73,519.21,Neutral,HOLD,SELL,3 days,5 days,1.33,26
2026-08-08T07:09:10.228Z,ITI,282.4,0.28,52.51,283.44,288.27,294.52,302.95,1.173,573736,461105,36,282.4,267.73,260.39,293.4,Bearish,HOLD,SELL,4 days,1 week,1.33,17
2026-08-08T07:09:10.347Z,CESC,163.94,0.9,45.97,164.66,167.2,167.3,169.68,0.272,1298919,1017853,36,163.94,157.28,153.94,168.94,Bearish,HOLD,SELL,4 days,1 week,1.33,17
2026-08-08T07:09:10.412Z,BAYERCROP,4177.2,-2.92,47.61,4241.81,4277.19,4573.43,4617.6,7.713,45900,38111,36,4177.2,4010.13,3926.6,4302.5,Neutral,HOLD,SELL,4 days,1 week,1.33,26
2026-08-08T07:09:10.423Z,CHAMBLFERT,450.7,-1.73,54.98,452.01,455.88,467.04,472.33,2.71,488463,435547,36,450.7,430.25,420.02,466.04,Bearish,HOLD,SELL,4 days,1 week,1.33,17
2026-08-08T07:09:10.445Z,SARDAEN,497.6,-0.66,43.58,505.92,513.91,528.86,551.43,0.102,376213,270688,36,497.6,469.76,455.84,518.48,Bearish,HOLD,SELL,4 days,1 week,1.33,17
2026-08-08T07:09:09.675Z,ADANIGREEN,1372.4,0.07,38.02,1422.49,1427.32,1222.22,1126.14,-6.64,1273380,2711362,30,1372.4,1284.65,1240.78,1438.21,Bearish,SELL,BUY,4 days,1 week,1.33,12
2026-08-08T07:09:09.749Z,IDEA,12.73,0.79,34.2,13.19,13.32,11.52,10.64,-0.041,205855564,283860330,30,12.73,12.06,11.72,13.23,Bearish,SELL,BUY,4 days,1 week,1.33,12
2026-08-08T07:09:09.935Z,PHOENIXLTD,1895.5,-0.91,39.39,1975.68,1939.92,1783.19,1743.97,-23.266,291623,679916,30,1895.5,1793.03,1741.8,1972.35,Bearish,SELL,BUY,4 days,1 week,1.33,12
2026-08-08T07:09:10.033Z,THERMAX,4059.9,-0.12,31.91,4385.63,4478.62,3927.92,3865.8,-58.585,184241,414480,30,4059.9,3646.78,3440.22,4369.74,Bearish,SELL,BUY,4 days,1 week,1.33,12
2026-08-08T07:09:10.187Z,NUVAMA,1642.7,-0.94,34.6,1786.99,1737.78,1525.47,1457.27,-37.583,208483,514720,30,1642.7,1497.4,1424.74,1751.68,Bearish,SELL,BUY,4 days,1 week,1.33,12
2026-08-08T07:09:10.254Z,ANGELONE,292,-1.72,32.52,309.43,317.86,292.51,271.51,-1.15,4094497,6658140,30,292,273.51,264.26,305.87,Bearish,SELL,HOLD,4 days,1 week,1.33,15
2026-08-08T07:09:10.421Z,KAJARIACER,1167.3,-0.69,38.47,1200.93,1178.09,1125.41,1112.76,-9.138,204282,299189,30,1167.3,1106.96,1076.79,1212.55,Bearish,SELL,BUY,4 days,1 week,1.33,12
2026-08-08T07:09:10.553Z,CCL,1130,-0.78,38.65,1168.58,1158.86,1065.88,1043.53,-9.723,177800,182387,30,1130,1059.7,1024.55,1182.72,Bearish,SELL,BUY,4 days,1 week,1.33,12
2026-08-08T07:09:09.641Z,NTPC,342.5,-0.72,42.41,347.65,355.15,358.04,356.38,0.457,7012048,9467994,28,342.5,330.15,323.98,351.76,Bearish,SELL,SELL,4 days,1 week,1.33,18
2026-08-08T07:09:09.662Z,DMART,3900,-0.79,40.87,3982.18,4064.82,4119.86,4156.27,4.23,374241,657370,28,3900,3706.67,3610,4045,Bearish,SELL,SELL,4 days,1 week,1.33,18
2026-08-08T07:09:09.671Z,TATASTEEL,187.55,-0.92,46.4,188.55,192.28,190.71,188.74,0.905,9924021,21059406,28,187.55,180.14,176.44,193.11,Neutral,SELL,HOLD,4 days,1 week,1.33,24
2026-08-08T07:09:09.694Z,SBILIFE,1855.5,-1.3,52.62,1857.11,1839.32,1878.3,1895.74,1.268,474116,897374,28,1855.5,1776.93,1737.65,1914.43,Neutral,SELL,SELL,4 days,1 week,1.33,27
2026-08-08T07:09:09.784Z,IRFC,88.75,-0.6,44.69,89.25,91.86,103.6,109.85,0.387,5732015,7471463,28,88.75,85.71,84.19,91.03,Bearish,SELL,SELL,4 days,1 week,1.33,18
2026-08-08T07:09:09.820Z,AMBUJACEM,434,-0.57,50.28,434.25,434.2,475.92,490.5,0.412,2026621,2522216,28,434,412.56,401.84,450.08,Neutral,SELL,SELL,4 days,1 week,1.33,27
2026-08-08T07:09:09.824Z,TATACONSUM,1082.3,-0.71,44.79,1095.46,1108.7,1122.12,1141.28,0.601,879013,1434643,28,1082.3,1036.73,1013.95,1116.48,Bearish,SELL,SELL,4 days,1 week,1.33,18
2026-08-08T07:09:09.875Z,ICICIGI,1639,-1.15,42.46,1678.91,1724.99,1815.43,1827.36,3.224,395441,1764230,28,1639,1533.61,1480.91,1718.04,Bearish,SELL,SELL,3 days,5 days,1.33,18
2026-08-08T07:09:09.892Z,NTPCGREEN,91.5,0.19,43.34,92.4,95.05,97.67,99.48,0.059,1941963,9438321,28,91.5,87.43,85.39,94.55,Bearish,SELL,SELL,4 days,1 week,1.33,18
2026-08-08T07:09:09.895Z,WAAREEENER,2717,2.11,44.2,2741.01,2854.13,3007.69,3115.7,6.917,777123,940765,28,2717,2578.58,2509.37,2820.81,Bearish,SELL,SELL,4 days,1 week,1.33,18
2026-08-08T07:09:09.923Z,BAJAJHFL,85.79,-0.72,46.31,86.48,86.44,91.28,94.41,0.009,2173109,3131367,28,85.79,82.67,81.11,88.13,Bearish,SELL,SELL,4 days,1 week,1.33,18
2026-08-08T07:09:09.957Z,GICRE,357.2,-0.46,41.87,360.29,366.12,375.01,375.03,0.305,301498,469698,28,357.2,346.27,340.81,365.4,Bearish,SELL,SELL,4 days,1 week,1.33,18
2026-08-08T07:09:09.994Z,TIINDIA,2772,0.66,41.46,2830.75,2907.09,2869.11,2795.53,1.818,142399,277453,28,2772,2603.02,2518.53,2898.73,Bearish,SELL,HOLD,4 days,1 week,1.33,15
2026-08-08T07:09:10.001Z,VMM,108.72,-0.73,40.58,111.21,114.21,122.65,128.11,0.191,7431528,10606881,28,108.72,102.9,99.99,113.09,Bearish,SELL,SELL,4 days,1 week,1.33,18
2026-08-08T07:09:10.076Z,HUDCO,201.04,-0.53,47.82,201.6,203.55,205.56,210.74,0.552,1224833,2325926,28,201.04,190.59,185.37,208.88,Bearish,SELL,SELL,4 days,1 week,1.33,18
2026-08-08T07:09:10.130Z,IREDA,119.8,-1.01,42.68,121.44,123.43,129.72,134.97,0.165,4969707,5013511,28,119.8,114.72,112.18,123.61,Bearish,SELL,SELL,4 days,1 week,1.33,18
2026-08-08T07:09:10.147Z,UCOBANK,26.4,-0.34,53.09,26.41,26.37,27.2,28.76,0.015,3699848,5626551,28,26.4,25.19,24.59,27.3,Bearish,SELL,SELL,4 days,1 week,1.33,18
2026-08-08T07:09:10.197Z,GRSE,2599,-0.02,48.17,2602.91,2636.34,2598.61,2625.62,1.923,356679,415757,28,2599,2460.55,2391.32,2702.84,Bearish,SELL,BUY,4 days,1 week,1.33,12
2026-08-08T07:09:10.212Z,CENTRALBK,31.36,-0.48,46.8,31.51,32.07,34.31,35.22,0.034,3574624,8959332,28,31.36,30.17,29.58,32.25,Bearish,SELL,SELL,4 days,1 week,1.33,18
2026-08-08T07:09:10.271Z,NBCC,95.33,-0.96,43.93,96.4,98.08,100.35,103.3,0.337,4742088,6658436,28,95.33,90.97,88.79,98.6,Bearish,SELL,SELL,4 days,1 week,1.33,18
2026-08-08T07:09:10.275Z,ACC,1362.8,-2.24,52.41,1369.56,1371.19,1510.42,1628.04,2.481,161060,202483,28,1362.8,1300.39,1269.19,1409.61,Neutral,SELL,SELL,4 days,1 week,1.33,27
2026-08-08T07:09:10.278Z,GUJENERGY,265.3,-3.74,30.31,280.27,309.15,363.58,372.2,3.39,972767,817078,28,265.3,247.26,238.25,278.83,Bearish,SELL,SELL,4 days,1 week,1.33,18
2026-08-08T07:09:10.292Z,GODIGIT,272.25,-2.91,43.64,276.15,290.99,318.7,323.7,0.735,385430,1379318,28,272.25,249.54,238.19,289.28,Bearish,SELL,SELL,3 days,5 days,1.33,18
2026-08-08T07:09:10.345Z,IGL,151.94,-1.39,49.41,153.79,156.81,170.9,178.74,0.767,788950,1508874,28,151.94,145.81,142.74,156.54,Bearish,SELL,SELL,4 days,1 week,1.33,18
2026-08-08T07:09:10.374Z,HBLENGINE,727.1,-1.23,45.36,733.73,753.89,763.81,825.02,4.554,548362,782594,28,727.1,685.8,665.15,758.08,Bearish,SELL,SELL,4 days,1 week,1.33,18
2026-08-08T07:09:10.509Z,SYNGENE,403.7,-0.8,41.37,410.58,423.82,489.8,489.42,0.405,806023,1704127,28,403.7,376.68,363.17,423.97,Bearish,SELL,SELL,4 days,1 week,1.33,18
2026-08-08T07:09:10.516Z,GPIL,240.61,-1.7,38.5,247.48,257.5,258.46,265.16,0.866,1747484,1351039,28,240.61,225.48,217.92,251.95,Bearish,SELL,SELL,4 days,1 week,1.33,18
2026-08-08T07:09:10.567Z,ZODIAC,251.5,-0.73,41.4,256.07,266.42,299.68,319.41,1.232,6076,8852,28,251.5,230.01,219.26,267.62,Bearish,SELL,SELL,4 days,1 week,1.33,18
2026-08-08T07:09:09.814Z,GODREJCP,1050,-2.53,45.93,1065.34,1058.5,1100.04,1121.13,-2.234,2659684,630808,23,1050,999.04,973.56,1088.22,Neutral,SELL,SELL,4 days,1 week,1.33,27
2026-08-08T07:09:10.392Z,JYOTICNC,784.3,-9.33,46.94,809.21,775.06,806.39,790.53,-1.243,6950507,1058167,23,784.3,713.36,677.88,837.51,Neutral,SELL,SELL,4 days,1 week,1.33,27
2026-08-08T07:09:10.542Z,ABREL,1382.8,-0.58,47.94,1400.64,1374.16,1445.5,1460.19,-6.674,265738,115463,23,1382.8,1295.51,1251.87,1448.26,Neutral,SELL,SELL,4 days,1 week,1.33,27
2026-08-08T07:09:09.632Z,AXISBANK,1238,-1.43,39.98,1262.8,1285.31,1265.72,1253.79,2.356,3628823,8102494,20,1238,1189.8,1165.7,1274.15,Bearish,SELL,HOLD,4 days,1 week,1.33,15
2026-08-08T07:09:09.664Z,COALINDIA,415.25,-0.08,35.86,421.94,432.71,428.65,432.69,0.232,3493763,6742999,20,415.25,401.97,395.33,425.21,Bearish,SELL,HOLD,4 days,1 week,1.33,15
2026-08-08T07:09:09.723Z,VBL,442,-0.45,38.15,455.94,475.21,479.76,473.97,0.578,2472286,7602745,20,442,417.92,405.88,460.06,Bearish,SELL,SELL,4 days,1 week,1.33,18
2026-08-08T07:09:09.829Z,INDIAMART,1755,-0.48,34.25,1816.22,1895.24,2103.41,2177.51,0.366,129819,155314,20,1755,1663.19,1617.29,1823.85,Bearish,SELL,SELL,4 days,1 week,1.33,18
2026-08-08T07:09:09.852Z,DRREDDY,1172,0.09,38.48,1192.29,1235.35,1255.99,1260.3,4.332,1072438,2200807,20,1172,1120.85,1095.28,1210.36,Bearish,SELL,SELL,4 days,1 week,1.33,18
2026-08-08T07:09:09.999Z,MFSL,1497.4,-1.41,37.77,1538.42,1575.04,1612.71,1635.13,0.226,359409,680546,20,1497.4,1421.95,1384.22,1553.99,Bearish,SELL,SELL,4 days,1 week,1.33,18
2026-08-08T07:09:10.087Z,PATANJALI,357.5,0.14,37.68,364.03,392.58,472.46,462.7,3.517,1987849,9321309,20,357.5,335.41,324.36,374.07,Bearish,SELL,SELL,3 days,5 days,1.33,18
2026-08-08T07:09:10.257Z,SJVN,67.96,-0.69,38.24,69.14,70.74,75.9,80.16,0.137,1763773,1893132,20,67.96,65.39,64.1,69.89,Bearish,SELL,SELL,4 days,1 week,1.33,18
2026-08-08T07:09:10.303Z,IRB,19.68,-1.25,39.74,20.06,20.46,21.05,21.44,0.046,7172175,10916780,20,19.68,18.87,18.46,20.29,Bearish,SELL,SELL,4 days,1 week,1.33,18
2026-08-08T07:09:10.397Z,SUNTV,486.65,-0.52,39.02,497.91,510.05,544.06,563.1,0.179,137019,253217,20,486.65,463.74,452.28,503.84,Bearish,SELL,SELL,4 days,1 week,1.33,18
2026-08-08T07:09:10.560Z,KELLTONTEC,14.12,-0.35,38.34,14.48,14.96,17.35,19.29,0.011,1222987,1499078,20,14.12,13.34,12.95,14.71,Bearish,SELL,SELL,4 days,1 week,1.33,18
2026-08-08T07:09:09.718Z,DLF,642,-1.09,47.24,652.89,637.77,644.66,642.35,-3.724,4883685,4557437,16,642,605.38,587.07,669.46,Bearish,SELL,SELL,3 days,1 week,1.33,18
2026-08-08T07:09:09.835Z,MAXHEALTH,1070,-0.93,43.98,1093.94,1078.94,1077.24,1075.51,-4.92,1728681,1583037,16,1070,1017.68,991.51,1109.24,Bearish,SELL,HOLD,4 days,1 week,1.33,15
2026-08-08T07:09:09.859Z,SHREECEM,26010,-3.31,47.2,26592.18,26058.96,26340.53,26610.07,-95.56,24420,16515,16,26010,24802.8,24199.2,26915.4,Neutral,SELL,SELL,4 days,1 week,1.33,27
2026-08-08T07:09:09.901Z,BHARTIHEXA,1538.8,-0.9,40.49,1589.86,1562.01,1602.5,1648.17,-13.903,231683,159806,16,1538.8,1442.07,1393.71,1611.35,Neutral,SELL,SELL,4 days,1 week,1.33,27
2026-08-08T07:09:09.921Z,OIL,442.8,-0.27,49.34,444.56,445.76,448.99,458.53,-0.493,4232298,3263978,16,442.8,420.63,409.54,459.43,Neutral,SELL,SELL,4 days,1 week,1.33,27
2026-08-08T07:09:10.058Z,VOLTAS,1285,0.78,42.32,1313.74,1317.42,1346.73,1362.84,-6.025,811972,592008,16,1285,1214.19,1178.79,1338.11,Bearish,SELL,SELL,4 days,1 week,1.33,18
2026-08-08T07:09:09.669Z,LICI,394,1.66,33.79,415.62,418.61,420.52,418.84,-4.717,36390176,11190242,15,394,373.93,363.9,409.05,Bearish,SELL,SELL,4 days,1 week,1.33,18
2026-08-08T07:09:10.164Z,BLUESTARCO,1514,-3.63,32.76,1649.11,1659.36,1736.03,1774.94,-15.571,2392270,530659,15,1514,1398.67,1341,1600.5,Bearish,SELL,SELL,4 days,1 week,1.33,18
2026-08-08T07:09:10.260Z,METROBRAND,972.5,-2.85,34.69,1030.68,1033.27,1058.61,1105.73,-6.379,96791,53070,15,972.5,912.94,883.16,1017.17,Bearish,SELL,SELL,4 days,1 week,1.33,18
2026-08-08T07:09:10.378Z,EIHOTEL,306.55,-5.87,34.99,326.98,324.39,333.31,346.69,-2.603,1391523,206761,15,306.55,287.92,278.6,320.53,Bearish,SELL,SELL,4 days,1 week,1.33,18
2026-08-08T07:09:10.485Z,TATACHEM,673.55,1.11,35.22,685.85,704.12,754.8,770.08,-1.494,602174,364286,15,673.55,642.68,627.24,696.7,Bearish,SELL,SELL,4 days,1 week,1.33,18
2026-08-08T07:09:10.494Z,RATNAMANI,2197.6,-7.3,23.47,2431.48,2502.69,2450.26,2428.82,-17.922,333715,42441,15,2197.6,2031.52,1948.47,2322.16,Bearish,SELL,HOLD,4 days,1 week,1.33,15
2026-08-08T07:09:09.614Z,HINDUNILVR,2096,0.79,45.7,2118.19,2146.6,2260.08,2315.19,-2.421,1054665,2033994,8,2096,2008.17,1964.26,2161.87,Bearish,SELL,SELL,3 days,5 days,1.33,18
2026-08-08T07:09:09.818Z,HDFCAMC,2545,0.27,43.98,2586.31,2617.27,2654.96,2652.71,-1.427,310098,896819,8,2545,2420.03,2357.54,2638.73,Bearish,SELL,SELL,3 days,1 week,1.33,18
2026-08-08T07:09:09.844Z,INDUSTOWER,386,0.04,39.34,393.12,401.4,404.33,398.11,-0.521,5731783,4366388,8,386,366.9,357.36,400.32,Bearish,SELL,SELL,4 days,1 week,1.33,18
2026-08-08T07:09:09.865Z,IDBI,84.22,-0.38,50.74,84.4,82.87,86.13,92,-0.298,2347275,11255217,8,84.22,79.94,77.8,87.43,Neutral,SELL,SELL,4 days,1 week,1.33,27
2026-08-08T07:09:09.874Z,HINDPETRO,393.05,-0.48,50.82,393.9,392.83,402.59,403.73,-0.071,4603878,6534942,8,393.05,373.48,363.69,407.73,Bearish,SELL,SELL,4 days,1 week,1.33,18
2026-08-08T07:09:09.888Z,NHPC,76.92,-0.75,40.87,78.78,78.65,79.14,78.97,-0.283,7065480,14767820,8,76.92,73.32,71.52,79.62,Bearish,SELL,SELL,4 days,1 week,1.33,18
2026-08-08T07:09:09.890Z,SRF,2615,-0.38,40.56,2689.52,2705.67,2744.39,2765.64,-14.363,262181,611090,8,2615,2483.11,2417.17,2713.91,Bearish,SELL,SELL,3 days,5 days,1.33,18
2026-08-08T07:09:09.944Z,TORNTPOWER,1350.8,1.93,38.08,1394.66,1423.59,1422.95,1405.42,-10.089,379616,364454,8,1350.8,1283.44,1249.76,1401.32,Bearish,SELL,HOLD,4 days,1 week,1.33,15
2026-08-08T07:09:09.955Z,SCHAEFFLER,4035.2,-1.33,42.97,4108.69,4112.2,4042.88,4059.98,-10.963,34157,63814,8,4035.2,3822.69,3716.44,4194.58,Bearish,SELL,HOLD,4 days,1 week,1.33,15
2026-08-08T07:09:09.983Z,HDBFS,665.65,-1.37,29.95,694.58,698.79,703.95,720.8,-4.346,707215,582308,8,665.65,634.38,618.74,689.1,Bearish,SELL,SELL,4 days,1 week,1.33,18
2026-08-08T07:09:09.985Z,COLPAL,2030,-0.49,45.07,2066.7,2061.4,2101.44,2151.77,-8.378,280296,390240,8,2030,1924.88,1872.32,2108.84,Bearish,SELL,SELL,4 days,1 week,1.33,18
2026-08-08T07:09:10.008Z,TATACOMM,1755.2,1.14,40.6,1793.29,1816.58,1741.95,1772.89,-0.43,156599,312940,8,1755.2,1648.02,1594.44,1835.58,Bearish,SELL,BUY,4 days,1 week,1.33,12
2026-08-08T07:09:10.063Z,JKCEMENT,5379.5,-1.91,45.81,5515.21,5454.34,5651.23,5853.22,-26.391,22983,75226,8,5379.5,5075.85,4924.02,5607.24,Neutral,SELL,SELL,4 days,1 week,1.33,27
2026-08-08T07:09:10.224Z,CDSL,1328,-0.23,46.6,1342.51,1327.24,1358.66,1399.96,-6.138,571095,1408845,8,1328,1268.95,1239.43,1372.29,Bearish,SELL,SELL,4 days,1 week,1.33,18
2026-08-08T07:09:10.226Z,LICHSGFIN,504.25,-0.15,31.19,530.65,539.19,543.74,542.26,-4.332,1604722,1434144,8,504.25,481.83,470.62,521.06,Bearish,SELL,SELL,4 days,1 week,1.33,18
2026-08-08T07:09:10.289Z,GILLETTE,7683.5,-0.06,45.91,7760.68,7791.22,8277.69,8482.87,-19.02,8660,19661,8,7683.5,7370.79,7214.44,7918.03,Bearish,SELL,SELL,4 days,1 week,1.33,18
2026-08-08T07:09:10.407Z,ERIS,1382.4,0.53,43.33,1408.89,1410.48,1453.13,1521.1,-7.433,53999,103123,8,1382.4,1303.39,1263.89,1441.65,Bearish,SELL,SELL,4 days,1 week,1.33,18
2026-08-08T07:09:10.464Z,ECLERX,1769.1,-5.52,49.95,1811.36,1684.94,1764.9,1887.65,-19.462,378424,584527,8,1769.1,1576.37,1480.01,1913.64,Neutral,SELL,HOLD,4 days,1 week,1.33,24
2026-08-08T07:09:10.474Z,PSB,23.79,-0.79,44.82,24.05,24.27,25.62,27.22,-0.033,786849,1426284,8,23.79,22.66,22.1,24.64,Bearish,SELL,SELL,4 days,1 week,1.33,18
2026-08-08T07:09:10.502Z,NATCOPHARM,916.65,0.45,43.16,929.79,949.61,955.22,926.8,-1.945,168655,317949,8,916.65,871.33,848.67,950.64,Bearish,SELL,SELL,4 days,1 week,1.33,18
2026-08-08T07:09:10.528Z,BIKAJI,623.5,-0.12,38.1,640.05,645.83,669.72,704.74,-0.565,124458,100299,8,623.5,593.87,579.06,645.72,Bearish,SELL,SELL,4 days,1 week,1.33,18
2026-08-08T07:09:10.529Z,DCMSHRIRAM,1016.8,0.63,44.59,1028,1045,1125.55,1223.09,-0.865,72865,197201,8,1016.8,948.57,914.46,1067.97,Bearish,SELL,SELL,4 days,1 week,1.33,18
2026-08-08T07:09:10.558Z,INOXGREEN,179.43,1.97,42.73,185.54,186.74,182.56,188.08,-1.565,409460,1309470,8,179.43,161.61,152.7,192.8,Bearish,SELL,HOLD,4 days,1 week,1.33,15
2026-08-08T07:09:09.602Z,HDFCBANK,731,-0.45,34.23,757.32,772.82,842.99,855.95,-2.888,19382042,29949862,0,731,705.39,692.58,750.21,Bearish,SELL,SELL,3 days,4 days,1.33,18
2026-08-08T07:09:09.651Z,ONGC,238.85,0.44,39.32,242.9,249.57,256.26,261.84,-0.298,10078070,11556956,0,238.85,229.75,225.19,245.68,Bearish,SELL,SELL,4 days,1 week,1.33,18
2026-08-08T07:09:09.666Z,POWERGRID,271.6,0.31,32.84,282.83,286.8,288.59,285.99,-1.394,7795199,9022042,0,271.6,260.46,254.9,279.95,Bearish,SELL,SELL,4 days,1 week,1.33,18
2026-08-08T07:09:09.780Z,HDFCLIFE,540,-0.46,39.5,553.13,568.36,639.48,664.7,-0.726,1413369,3922388,0,540,517.62,506.44,556.78,Bearish,SELL,SELL,4 days,1 week,1.33,18
2026-08-08T07:09:09.787Z,MUTHOOTFIN,2890,-0.15,39.98,2981.35,3071.01,3226.57,3272.35,-10.625,813420,1211742,0,2890,2695.53,2598.3,3035.85,Bearish,SELL,SELL,4 days,1 week,1.33,18
2026-08-08T07:09:09.789Z,SBIFUNDS,571.75,0.49,,585.78,596.74,605.89,598.62,-1.433,1904705,10876028,0,571.75,542.44,527.79,593.73,Bearish,SELL,SELL,3 days,1 week,1.33,18
2026-08-08T07:09:09.917Z,DABUR,410,-0.97,36.91,424.99,431.9,463.07,483.14,-1.769,1596570,2114453,0,410,391.73,382.6,423.7,Bearish,SELL,SELL,4 days,1 week,1.33,18
2026-08-08T07:09:09.946Z,SUZLON,48.15,0.1,31.1,50.32,52.22,52.9,52.73,-0.148,52362545,70923751,0,48.15,45.3,43.88,50.29,Bearish,SELL,SELL,4 days,1 week,1.33,18
2026-08-08T07:09:10.015Z,UPL,573,0.04,39.27,595.85,606.11,651.79,681.43,-3.627,882844,2079339,0,573,543.4,528.59,595.2,Bearish,SELL,SELL,3 days,5 days,1.33,18
2026-08-08T07:09:10.238Z,PGHH,8497,0.15,35.47,8737.6,9022.03,10524.4,10902.26,-24.592,8475,21179,0,8497,8150.27,7976.9,8757.05,Bearish,SELL,SELL,4 days,1 week,1.33,18
2026-08-08T07:09:10.395Z,GESHIP,1341.8,-0.82,39.85,1397,1422.16,1325.78,1390.3,-2.433,777727,944524,0,1341.8,1228.55,1171.92,1426.74,Bearish,SELL,BUY,4 days,1 week,1.33,12
2026-08-08T07:09:10.436Z,ONESOURCE,1576,1.44,39.39,1632.88,1650.1,1655.32,1581.02,-14.035,200704,306310,0,1576,1439.38,1371.07,1678.47,Bearish,SELL,SELL,4 days,1 week,1.33,18
2026-08-08T07:09:10.498Z,MEDPLUS,700.25,1.44,28.74,740.34,790.64,826.14,822.46,-3.76,85998,316630,0,700.25,653,629.37,735.69,Bearish,SELL,SELL,4 days,1 week,1.33,18
2026-08-08T07:09:10.535Z,CIEINDIA,410.5,0.05,35.69,428.91,444.14,442.26,451.91,-1.856,325465,620630,0,410.5,385.41,372.86,429.32,Bearish,SELL,HOLD,4 days,1 week,1.33,15
